mode_id,moves,hop,mode,part,failure,recovery,test,measures,expected,seen,ending,remedy,source
FM01,L03,poll,poller not running,S06,"Order Processor is not running, or its background service has ended: an exception from a publish is not caught in the poll loop (OrderProcessor/Services/GracePeriodManagerService.cs:25-35, 60), and .NET's default for a failed background service is to stop the host (https://learn.microsoft.com/dotnet/core/compatibility/core-libraries/6.0/hosting-exception-handling). No order leaves Submitted",moves on,"Read the last 300 lines of order-processor's console log (az containerapp logs show --name order-processor --resource-group <rg> --type console --tail 300 --format text (one replica per call; add --replica for the others)) for lines 'Publishing integration event:', and its system log for exits: az containerapp logs show --name order-processor --resource-group <rg> --type system",M50; M52,A 'Publishing integration event:' line every 30 seconds for each Submitted order past 1 minute; no exits,"No such lines, and the container exited or is not running",restore,R2,OrderProcessor/Services/GracePeriodManagerService.cs:15-41
FM02,L03,poll,poll query fails,S06,"The poll's query fails (database unreachable, credentials): the error is logged, an empty list is returned and the loop goes on, so nothing is released (OrderProcessor/Services/GracePeriodOrdersRepository.cs:41-45)",moves on,Search the console log of order-processor (az containerapp logs show --name order-processor --resource-group <rg> --type console --tail 300 --format text (one replica per call; add --replica for the others)) for 'Error querying confirmed grace period orders after grace period',M51,No such line,The line every 30 seconds,restore,R5,OrderProcessor/Services/GracePeriodOrdersRepository.cs:20-46
FM03,L03,poll,poll selects the wrong cases,S06,"The poll selects by its own settings: GracePeriodTime in minutes and CheckUpdateTime in seconds (OrderProcessor/Services/GracePeriodManagerService.cs:17, 50-52). A changed or mis-entered value (seconds written as minutes) holds orders in Submitted while the poller runs and logs normally",moves on,"Read BackgroundTaskOptions__GracePeriodTime and BackgroundTaskOptions__CheckUpdateTime in order-processor's configuration (az containerapp show --name order-processor --resource-group <rg>), else the shipped appsettings.json",M54,1 and 30 (the shipped values),"A different value, larger than the age of the held orders allows",restore,R7,OrderProcessor/appsettings.json:14-17; Ordering.API is not involved; OrderProcessor/Extensions/Extensions.cs:15-16
FM04,L03,message,publish fails,S06,"The publish of GracePeriodConfirmedIntegrationEvent throws (broker unreachable, or the bus never connected at start: EventBusRabbitMQ/RabbitMQEventBus.cs:40, 235-239, 287-290). The configured retry does not retry it, because Execute runs an async lambda (EventBusRabbitMQ/RabbitMQEventBus.cs:57, 302-314). The exception escapes the poll loop and ends the service, as in FM01 (OrderProcessor/Services/GracePeriodManagerService.cs:60) (Polly's Execute overloads: https://www.pollydocs.org/api/Polly.ResiliencePipeline.html: an async lambda binds to Execute<TResult>(Func<TResult>), so the pipeline only sees the returned task)",moves on,"Search the console log of order-processor (az containerapp logs show --name order-processor --resource-group <rg> --type console --tail 300 --format text (one replica per call; add --replica for the others)) for 'Error starting RabbitMQ connection' at its last start, and for the service ending just after a 'Publishing integration event:' line",M53; M50,Neither,Either one,restore,R4,EventBusRabbitMQ/RabbitMQEventBus.cs:31-111; OrderProcessor/Services/GracePeriodManagerService.cs:54-61
FM05,L03,message,message not routed,S15,"GracePeriodConfirmedIntegrationEvent reaches queue Ordering only through a binding Ordering API makes at its start (EventBusRabbitMQ/RabbitMQEventBus.cs:279-285; Ordering.API/Extensions/Extensions.cs:55). It is published mandatory but nothing handles returned messages (EventBusRabbitMQ/RabbitMQEventBus.cs:97-102), so without the binding it is dropped. The next poll publishes again",moves on,"In the eventbus container (az containerapp exec --name eventbus --resource-group <rg>) run rabbitmqctl list_bindings source_name destination_name routing_key, and read the rows whose source is eshop_event_bus",M92,eshop_event_bus  Ordering  GracePeriodConfirmedIntegrationEvent is listed,That binding is missing,restore,R3,EventBusRabbitMQ/RabbitMQEventBus.cs:254-285
FM06,L03; L04; L05; L06; L07,message,consumer not running,S05,"Ordering API's consumer is not attached: the service is down, or its bus start returned without consuming because the connection was not open or setup failed, and nothing retries it (EventBusRabbitMQ/RabbitMQEventBus.cs:226-295, 236-239). Messages wait in the durable queue Ordering as persistent messages (EventBusRabbitMQ/RabbitMQEventBus.cs:75-78, 258-263) and are handled when it returns",moves on,"In the eventbus container (az containerapp exec --name eventbus --resource-group <rg>) run rabbitmqctl list_queues name messages consumers, and read the row for queue Ordering",M45,consumers 1 or more,"consumers 0, with messages waiting",restore,R3,EventBusRabbitMQ/RabbitMQEventBus.cs:226-295; Ordering.API/appsettings.json:27
FM07,L03,message,consumer fails on the message,S05,"The message cannot be read: an unknown event name is logged and dropped (EventBusRabbitMQ/RabbitMQEventBus.cs:192-196), and a body that does not deserialize throws; either way the message is acknowledged and gone (EventBusRabbitMQ/RabbitMQEventBus.cs:170-180). The order stays Submitted and the next poll sends it again",moves on,"Search the console log of ordering-api (az containerapp logs show --name ordering-api --resource-group <rg> --type console --tail 300 --format text (one replica per call; add --replica for the others)) for 'Unable to resolve event type for event name GracePeriodConfirmedIntegrationEvent', or 'Error Processing message' with no 'Error Handling transaction for' line beside it whose quoted message body carries the OrderId of an order still Submitted (the line quotes the body but names no event: EventBusRabbitMQ/RabbitMQEventBus.cs:172)",M41; M46,Neither,"Either, repeating every 30 seconds",cannot restore,,EventBusRabbitMQ/RabbitMQEventBus.cs:132-208
FM08,L03; L04; L05; L06; L07,message,consumer slow,S05,"Ordering API handles its queue on one consumer, one message at a time (EventBusRabbitMQ/RabbitMQEventBus.cs:246, 270-277; nothing in the repository raises consumer concurrency), and the stock answers and the payment-succeeded answer each wait 10 seconds first (Ordering.API/Application/Commands/SetStockConfirmedOrderStatusCommandHandler.cs:22; Ordering.API/Application/Commands/SetStockRejectedOrderStatusCommandHandler.cs:22; Ordering.API/Application/Commands/SetPaidOrderStatusCommandHandler.cs:22). Above about six such answers a minute per instance the queue grows; every 30 seconds the poll adds another release message for each order still Submitted (OrderProcessor/Services/GracePeriodManagerService.cs:54-61), feeding it",moves on,"In the eventbus container (az containerapp exec --name eventbus --resource-group <rg>) run rabbitmqctl list_queues name messages consumers, and read the row for queue Ordering, twice, a minute apart",M45,messages near 0 and not growing,messages growing while consumers is 1 or more,restore,R6,EventBusRabbitMQ/RabbitMQEventBus.cs:270-277
FM09,L03,in-process,the act fails,S05,"Setting AwaitingValidation and writing its outbox row run in one transaction (Ordering.API/Application/Behaviors/TransactionBehavior.cs:32-53; Ordering.Infrastructure/OrderingContext.cs:47-61); if it throws, it rolls back, the order stays Submitted, and the message is acknowledged and dropped (EventBusRabbitMQ/RabbitMQEventBus.cs:170-180). The next poll sends it again",moves on,Search the console log of ordering-api (az containerapp logs show --name ordering-api --resource-group <rg> --type console --tail 300 --format text (one replica per call; add --replica for the others)) for 'Error Handling transaction for SetAwaitingValidationOrderStatusCommand',M42,No such line,"The line, repeating every 30 seconds",cannot restore,,Ordering.API/Application/Commands/SetAwaitingValidationOrderStatusCommandHandler.cs:19-29; Ordering.API/Application/Behaviors/TransactionBehavior.cs:57-61
FM10,L03,in-process,the act completes wrongly,S05,"not possible here: the move writes only the new status and an outbox row built from the order's own items, and acts only from Submitted (Ordering.Domain/AggregatesModel/OrderAggregate/Order.cs:99-106; Ordering.API/Application/DomainEventHandlers/OrderStatusChangedToAwaitingValidationDomainEventHandler.cs:27-34)",,,,,,not possible,,Ordering.Domain/AggregatesModel/OrderAggregate/Order.cs:99-106
FM11,L03,needs,unavailable,S12,"The ordering database does not answer: the poll's query fails (FM02's line) and no status can be written. It shares one postgres server with catalogdb, identitydb and webhooksdb (eShop.AppHost/Program.cs:11-19). Orders move on when it is back",moves on,In the postgres container (az containerapp exec --name postgres --resource-group <rg>) run pg_isready -d orderingdb,M81,accepting connections,"no response, or rejecting connections",restore,R5,OrderProcessor/Services/GracePeriodOrdersRepository.cs:41-45; eShop.AppHost/Program.cs:11-19
FM12,L03,needs,slow,S12,"Statements run long: the poll, the status writes and the outbox writes finish late, and orders leave late. A statement that fails outright shows as the unavailable rows instead",moves on,"In the postgres container (az containerapp exec --name postgres --resource-group <rg>) run psql -U postgres -d orderingdb, then: SELECT count(*) FROM pg_stat_activity WHERE datname = 'orderingdb' AND state = 'active' AND now() - query_start > interval '5 seconds';",M82,0,"1 or more, persisting",cannot restore,,Ordering.API/Application/Behaviors/TransactionBehavior.cs:32-53; OrderProcessor/Services/GracePeriodOrdersRepository.cs:22-38
FM13,L03,needs,full or out of capacity,S12,The postgres server refuses new connections: the poll's query fails as in FM02; orders move on when connections free,moves on,"In the postgres container (az containerapp exec --name postgres --resource-group <rg>) run psql -U postgres -d orderingdb, then: SELECT count(*) FROM pg_stat_activity; and SHOW max_connections;",M80,well below max_connections,at max_connections,cannot restore,,eShop.AppHost/Program.cs:11-19
FM14,L03,needs,unavailable,S15,"The broker does not answer: the poll's publish throws and ends Order Processor (FM04); when the broker is back and the service restarted, the poll releases every order still Submitted",moves on,In the eventbus container (az containerapp exec --name eventbus --resource-group <rg>) run rabbitmq-diagnostics -q ping,M90,Ping succeeded,no answer,restore,R4,OrderProcessor/Services/GracePeriodManagerService.cs:54-61; EventBusRabbitMQ/RabbitMQEventBus.cs:40
FM15,L03,needs,slow,S15,The broker slows publishing connections when its queues cannot keep up (flow control: https://www.rabbitmq.com/docs/flow-control); memory or disk nearing its watermark is a leading sign of the alarm in FM16. Messages arrive late and the orders move late,moves on,In the eventbus container (az containerapp exec --name eventbus --resource-group <rg>) run rabbitmq-diagnostics check_local_alarms; and memory and disk free against their watermarks in rabbitmqctl status,M91,"no alarms, memory and disk well inside their limits","no alarm yet, but memory or disk close to its watermark",cannot restore,,eShop.AppHost/Program.cs:9-10
FM16,L03,needs,full or out of capacity,S15,"A memory or disk alarm makes the broker block publishing connections until it clears (https://www.rabbitmq.com/docs/alarms); the code sets no publish timeout (EventBusRabbitMQ/RabbitMQEventBus.cs:97-102), so the moves resume late rather than fail",moves on,In the eventbus container (az containerapp exec --name eventbus --resource-group <rg>) run rabbitmq-diagnostics check_local_alarms,M91,no alarms,a memory or disk alarm in effect,cannot restore,,EventBusRabbitMQ/RabbitMQEventBus.cs:31-111
FM20,L04; L05; L06; L07,outbox,row left unpublished,S05,"The status and its outbox row commit together, and the row is published only by the same request right after the commit (Ordering.API/Application/Behaviors/TransactionBehavior.cs:47-52; Ordering.API/Application/IntegrationEvents/OrderingIntegrationEventService.cs:13-25). A crash or lost connection in between leaves it at State 0, or 1 if it died mid-publish, and nothing sends it later (IntegrationEventLogEF/Services/IntegrationEventLogService.cs:19-23)",stranded,"In the postgres container (az containerapp exec --name postgres --resource-group <rg>) run psql -U postgres -d orderingdb, then: SELECT o.""Id"", o.""OrderStatus"", l.""State"", l.""EventId"" FROM ordering.orders o LEFT JOIN ordering.""IntegrationEventLog"" l ON (l.""Content""::jsonb ->> 'OrderId')::int = o.""Id"" AND ((o.""OrderStatus"" = 'AwaitingValidation' AND l.""EventTypeName"" LIKE '%OrderStatusChangedToAwaitingValidationIntegrationEvent') OR (o.""OrderStatus"" = 'StockConfirmed' AND l.""EventTypeName"" LIKE '%OrderStatusChangedToStockConfirmedIntegrationEvent')) WHERE o.""OrderStatus"" IN ('AwaitingValidation','StockConfirmed') AND now() - o.""OrderDate"" > interval '2 minutes';",M43,"""State"" 2 (Published) on every row","""State"" 0 (NotPublished) or 1 (InProgress)",restore,R1,Ordering.API/Application/IntegrationEvents/OrderingIntegrationEventService.cs:13-34; IntegrationEventLogEF/EventStateEnum.cs:5-8
FM21,L04; L05; L06; L07,outbox,publish marked failed,S05,"The publish threw: the row is set to 3 and the error logged (Ordering.API/Application/IntegrationEvents/OrderingIntegrationEventService.cs:27-31), and no code tries it again (IntegrationEventLogEF/Services/IntegrationEventLogService.cs:19-23)",stranded,"In the postgres container (az containerapp exec --name postgres --resource-group <rg>) run psql -U postgres -d orderingdb, then: SELECT o.""Id"", o.""OrderStatus"", l.""State"", l.""EventId"" FROM ordering.orders o LEFT JOIN ordering.""IntegrationEventLog"" l ON (l.""Content""::jsonb ->> 'OrderId')::int = o.""Id"" AND ((o.""OrderStatus"" = 'AwaitingValidation' AND l.""EventTypeName"" LIKE '%OrderStatusChangedToAwaitingValidationIntegrationEvent') OR (o.""OrderStatus"" = 'StockConfirmed' AND l.""EventTypeName"" LIKE '%OrderStatusChangedToStockConfirmedIntegrationEvent')) WHERE o.""OrderStatus"" IN ('AwaitingValidation','StockConfirmed') AND now() - o.""OrderDate"" > interval '2 minutes'; Then search the console log of ordering-api (az containerapp logs show --name ordering-api --resource-group <rg> --type console --tail 300 --format text (one replica per call; add --replica for the others)) for 'Error publishing integration event:' with those EventIds",M43; M44,"""State"" 2 (Published) on every row","""State"" 3 (PublishedFailed), with the error line",restore,R1,Ordering.API/Application/IntegrationEvents/OrderingIntegrationEventService.cs:27-31
FM22,L04; L05; L06; L07,outbox,relay not running,S05,not possible here: there is no relay process; the request that commits the status publishes its rows itself (Ordering.API/Application/Behaviors/TransactionBehavior.cs:52; Ordering.API/Application/IntegrationEvents/OrderingIntegrationEventService.cs:13-34). What it leaves behind is FM20 or FM21,,,,,,not possible,,Ordering.API/Application/Behaviors/TransactionBehavior.cs:52
FM23,L04; L05,outbox,row left unpublished,S07,"Catalog API saves its answer row in a transaction, then publishes it in the same handler (Catalog.API/IntegrationEvents/CatalogIntegrationEventService.cs:28-40; Catalog.API/IntegrationEvents/EventHandling/OrderStatusChangedToAwaitingValidationIntegrationEventHandler.cs:31-32). A crash in between leaves it at State 0 or 1, and nothing sends it later",stranded,"In the postgres container (az containerapp exec --name postgres --resource-group <rg>) run psql -U postgres -d catalogdb, then: SELECT ""State"", ""EventTypeName"", ""CreationTime"" FROM ""IntegrationEventLog"" WHERE (""Content""::jsonb ->> 'OrderId')::int IN (<ids of the aged AwaitingValidation orders>);",M62,"one row per order at ""State"" 2 (Published)","a row at ""State"" 0 (NotPublished) or 1 (InProgress)",restore,R1,Catalog.API/IntegrationEvents/CatalogIntegrationEventService.cs:11-40
FM24,L04; L05,outbox,publish marked failed,S07,Catalog API's publish threw: the row is set to 3 and the error logged (Catalog.API/IntegrationEvents/CatalogIntegrationEventService.cs:21-25); nothing tries again,stranded,"In the postgres container (az containerapp exec --name postgres --resource-group <rg>) run psql -U postgres -d catalogdb, then: SELECT ""State"", ""EventTypeName"", ""CreationTime"" FROM ""IntegrationEventLog"" WHERE (""Content""::jsonb ->> 'OrderId')::int IN (<ids of the aged AwaitingValidation orders>); Then search the console log of catalog-api (az containerapp logs show --name catalog-api --resource-group <rg> --type console --tail 300 --format text (one replica per call; add --replica for the others)) for 'Error Publishing integration event:'",M62; M61,"""State"" 2 (Published)","""State"" 3 (PublishedFailed), with the error line",restore,R1,Catalog.API/IntegrationEvents/CatalogIntegrationEventService.cs:21-25
FM25,L04; L05,outbox,relay not running,S07,not possible here: no relay; the handler publishes its own row at once (Catalog.API/IntegrationEvents/EventHandling/OrderStatusChangedToAwaitingValidationIntegrationEventHandler.cs:31-32),,,,,,not possible,,Catalog.API/IntegrationEvents/EventHandling/OrderStatusChangedToAwaitingValidationIntegrationEventHandler.cs:31-32
FM26,L04; L05; L06; L07,message,publish fails,S05,"Ordering API cannot hand the event to the broker; the retry does not apply (EventBusRabbitMQ/RabbitMQEventBus.cs:57) and the failure is caught and logged with the broker's exception (Ordering.API/Application/IntegrationEvents/OrderingIntegrationEventService.cs:27-31). The same failure leaves the row as in FM21 (Polly's Execute overloads: https://www.pollydocs.org/api/Polly.ResiliencePipeline.html: an async lambda binds to Execute<TResult>(Func<TResult>), so the pipeline only sees the returned task)",stranded,Search the console log of ordering-api (az containerapp logs show --name ordering-api --resource-group <rg> --type console --tail 300 --format text (one replica per call; add --replica for the others)) for 'Error publishing integration event:' and read the exception it carries,M44,No such line,"Lines for these orders' events, naming a broker or connection error",restore,R1,Ordering.API/Application/IntegrationEvents/OrderingIntegrationEventService.cs:21-33
FM27,L04; L05,message,publish fails,S07,Catalog API cannot hand its answer to the broker; logged and marked failed (Catalog.API/IntegrationEvents/CatalogIntegrationEventService.cs:21-25),stranded,Search the console log of catalog-api (az containerapp logs show --name catalog-api --resource-group <rg> --type console --tail 300 --format text (one replica per call; add --replica for the others)) for 'Error Publishing integration event:' and read the exception,M61,No such line,Lines for these orders' answers,restore,R1,Catalog.API/IntegrationEvents/CatalogIntegrationEventService.cs:11-26
FM28,L06; L07,message,publish fails,S08,"Payment Processor publishes its result with no outbox and no working retry (PaymentProcessor/IntegrationEvents/EventHandling/OrderStatusChangedToStockConfirmedIntegrationEventHandler.cs:30-32; EventBusRabbitMQ/RabbitMQEventBus.cs:57); the exception leaves the handler and the request message is acknowledged and gone (EventBusRabbitMQ/RabbitMQEventBus.cs:170-180) (Polly's Execute overloads: https://www.pollydocs.org/api/Polly.ResiliencePipeline.html: an async lambda binds to Execute<TResult>(Func<TResult>), so the pipeline only sees the returned task)",stranded,Search the console log of payment-processor (az containerapp logs show --name payment-processor --resource-group <rg> --type console --tail 300 --format text (one replica per call; add --replica for the others)) for 'Publishing integration event:' for the order followed by 'Error Processing message' for its OrderStatusChangedToStockConfirmedIntegrationEvent,M70; M72,A 'Publishing integration event:' line and no error,The publishing line followed by 'Error Processing message',restore,R1,PaymentProcessor/IntegrationEvents/EventHandling/OrderStatusChangedToStockConfirmedIntegrationEventHandler.cs:9-33
FM29,L04; L05,message,message not routed,S15,"No queue is bound for the request or the answer (made by Catalog API and Ordering API at start: Catalog.API/Extensions/Extensions.cs:32; Ordering.API/Extensions/Extensions.cs:56-57; EventBusRabbitMQ/RabbitMQEventBus.cs:279-285), so the broker drops it (mandatory, no return handler: EventBusRabbitMQ/RabbitMQEventBus.cs:97-102). The outbox row still shows 2 (Published)",stranded,"In the eventbus container (az containerapp exec --name eventbus --resource-group <rg>) run rabbitmqctl list_bindings source_name destination_name routing_key, and read the rows whose source is eshop_event_bus",M92,Catalog bound for OrderStatusChangedToAwaitingValidationIntegrationEvent; Ordering for OrderStockConfirmedIntegrationEvent and OrderStockRejectedIntegrationEvent,One of those bindings missing,restore,R1,"EventBusRabbitMQ/RabbitMQEventBus.cs:97-102, 279-285"
FM30,L06; L07,message,message not routed,S15,"No queue is bound for the payment request or its result (PaymentProcessor/Program.cs:5-6; Ordering.API/Extensions/Extensions.cs:58-59), so the broker drops it (EventBusRabbitMQ/RabbitMQEventBus.cs:97-102)",stranded,"In the eventbus container (az containerapp exec --name eventbus --resource-group <rg>) run rabbitmqctl list_bindings source_name destination_name routing_key, and read the rows whose source is eshop_event_bus",M92,PaymentProcessor bound for OrderStatusChangedToStockConfirmedIntegrationEvent; Ordering for OrderPaymentSucceededIntegrationEvent and OrderPaymentFailedIntegrationEvent,One of those bindings missing,restore,R1,"EventBusRabbitMQ/RabbitMQEventBus.cs:97-102, 279-285"
FM31,L04; L05,message,consumer not running,S07,Catalog API's consumer is not attached (as FM06); requests wait in queue Catalog and are handled when it returns,moves on,"In the eventbus container (az containerapp exec --name eventbus --resource-group <rg>) run rabbitmqctl list_queues name messages consumers, and read the row for queue Catalog",M63,consumers 1 or more,"consumers 0, with messages waiting",restore,R3,EventBusRabbitMQ/RabbitMQEventBus.cs:226-295; Catalog.API/appsettings.json:22
FM32,L06; L07,message,consumer not running,S08,Payment Processor's consumer is not attached (as FM06); requests wait in queue PaymentProcessor,moves on,"In the eventbus container (az containerapp exec --name eventbus --resource-group <rg>) run rabbitmqctl list_queues name messages consumers, and read the row for queue PaymentProcessor",M71,consumers 1 or more,"consumers 0, with messages waiting",restore,R3,EventBusRabbitMQ/RabbitMQEventBus.cs:226-295; PaymentProcessor/appsettings.json:12
FM33,L04; L05,message,consumer fails on the message,S07,"Catalog API cannot read the request (unknown event name, or a body that does not deserialize); it is acknowledged and gone (EventBusRabbitMQ/RabbitMQEventBus.cs:170-196). No answer row is written",stranded,"Search the console log of catalog-api (az containerapp logs show --name catalog-api --resource-group <rg> --type console --tail 300 --format text (one replica per call; add --replica for the others)) for 'Error Processing message' for OrderStatusChangedToAwaitingValidationIntegrationEvent and read the exception, or for 'Unable to resolve event type for event name'",M60,No such line,"Lines with a JSON or type error, or the unresolved-type line",restore,R1,EventBusRabbitMQ/RabbitMQEventBus.cs:132-208
FM34,L04; L05; L06; L07,message,consumer fails on the message,S05,"Ordering API cannot read a stock or payment answer; it is acknowledged and gone (EventBusRabbitMQ/RabbitMQEventBus.cs:170-196), and nothing re-sends from AwaitingValidation or StockConfirmed (OrderProcessor/Services/GracePeriodOrdersRepository.cs:27)",stranded,"Search the console log of ordering-api (az containerapp logs show --name ordering-api --resource-group <rg> --type console --tail 300 --format text (one replica per call; add --replica for the others)) for 'Unable to resolve event type for event name', or 'Error Processing message' with no 'Error Handling transaction for' line beside it whose quoted message body carries the OrderId of an order in AwaitingValidation or StockConfirmed (the line quotes the body but names no event: EventBusRabbitMQ/RabbitMQEventBus.cs:172)",M41; M46,Neither,"Either, for these orders",restore,R1,EventBusRabbitMQ/RabbitMQEventBus.cs:132-208
FM35,L04; L05,in-process,the act fails,S07,"The stock check throws: reading an item (Catalog.API/IntegrationEvents/EventHandling/OrderStatusChangedToAwaitingValidationIntegrationEventHandler.cs:17) or saving the answer row (Catalog.API/IntegrationEvents/CatalogIntegrationEventService.cs:34-39) fails; the request is acknowledged and gone (EventBusRabbitMQ/RabbitMQEventBus.cs:170-180), and no answer row exists",stranded,Search the console log of catalog-api (az containerapp logs show --name catalog-api --resource-group <rg> --type console --tail 300 --format text (one replica per call; add --replica for the others)) for 'Error Processing message' for OrderStatusChangedToAwaitingValidationIntegrationEvent and read the exception,M60,No such line,Lines whose exception is a database (Npgsql) error,restore,R1,Catalog.API/IntegrationEvents/EventHandling/OrderStatusChangedToAwaitingValidationIntegrationEventHandler.cs:9-33
FM36,L04; L05; L06; L07,in-process,the act fails,S05,"Ordering API's status change throws and its transaction rolls back (Ordering.API/Application/Behaviors/TransactionBehavior.cs:57-61); the answer was already taken off the queue and acknowledged (EventBusRabbitMQ/RabbitMQEventBus.cs:170-180), so the order stays where it was",stranded,"Search the console log of ordering-api (az containerapp logs show --name ordering-api --resource-group <rg> --type console --tail 300 --format text (one replica per call; add --replica for the others)) for 'Error Handling transaction for' SetStockConfirmedOrderStatusCommand, SetStockRejectedOrderStatusCommand, SetPaidOrderStatusCommand or CancelOrderCommand",M42,No such line,Lines for these orders,restore,R1,Ordering.API/Application/Behaviors/TransactionBehavior.cs:20-63
FM37,L06; L07,message,consumer fails on the message,S08,"Payment Processor cannot read the request (unknown event name, or a body that does not deserialize); acknowledged and gone (EventBusRabbitMQ/RabbitMQEventBus.cs:170-196); no result is published",stranded,Search the console log of payment-processor (az containerapp logs show --name payment-processor --resource-group <rg> --type console --tail 300 --format text (one replica per call; add --replica for the others)) for 'Error Processing message' for OrderStatusChangedToStockConfirmedIntegrationEvent with no 'Publishing integration event:' line before it,M70,No such line,The error with no result published,restore,R1,EventBusRabbitMQ/RabbitMQEventBus.cs:132-208
FM38,L04; L05,message,consumer slow,S07,Requests arrive faster than Catalog API's single consumer handles them (EventBusRabbitMQ/RabbitMQEventBus.cs:270-277); answers arrive late,moves on,"In the eventbus container (az containerapp exec --name eventbus --resource-group <rg>) run rabbitmqctl list_queues name messages consumers, and read the row for queue Catalog, twice, a minute apart",M63,messages near 0,messages growing while consumers is 1 or more,restore,R6,EventBusRabbitMQ/RabbitMQEventBus.cs:270-277
FM39,L06; L07,message,consumer slow,S08,Payment requests arrive faster than Payment Processor's single consumer handles them (EventBusRabbitMQ/RabbitMQEventBus.cs:270-277),moves on,"In the eventbus container (az containerapp exec --name eventbus --resource-group <rg>) run rabbitmqctl list_queues name messages consumers, and read the row for queue PaymentProcessor, twice, a minute apart",M71,messages near 0,messages growing while consumers is 1 or more,restore,R6,EventBusRabbitMQ/RabbitMQEventBus.cs:270-277
FM40,L04; L05,in-process,the act completes wrongly,S07,"not possible here: as a cause of orders held past the promise. A product the catalogue does not hold is skipped and the order confirmed (Catalog.API/IntegrationEvents/EventHandling/OrderStatusChangedToAwaitingValidationIntegrationEventHandler.cs:17-24), and a stock check reserves nothing (Catalog.API/IntegrationEvents/EventHandling/OrderStatusChangedToPaidIntegrationEventHandler.cs:12): wrong, but the order moves on. Counted by M24 at step 4",,,,,,not possible,,Catalog.API/IntegrationEvents/EventHandling/OrderStatusChangedToAwaitingValidationIntegrationEventHandler.cs:15-29
FM41,L04; L05; L06; L07,in-process,the act completes wrongly,S05,"not possible here: as a cause of orders held past the promise. The stock and payment setters act only from their expected state and otherwise change nothing (Ordering.Domain/AggregatesModel/OrderAggregate/Order.cs:110, 121, 157), and a cancellation of an order already Cancelled sets it Cancelled again (Ordering.Domain/AggregatesModel/OrderAggregate/Order.cs:142-153), so a late or repeated answer leaves the order out of the stage or where another move put it",,,,,,not possible,,Ordering.Domain/AggregatesModel/OrderAggregate/Order.cs:108-168
FM42,L06; L07,in-process,the act fails,S08,not possible here: the decision reads one setting (PaymentProcessor/IntegrationEvents/EventHandling/OrderStatusChangedToStockConfirmedIntegrationEventHandler.cs:21) and nothing before the publish can throw; a publish failure is FM28,,,,,,not possible,,PaymentProcessor/IntegrationEvents/EventHandling/OrderStatusChangedToStockConfirmedIntegrationEventHandler.cs:9-33
FM43,L06; L07,in-process,the act completes wrongly,S08,"not possible here: as a cause of orders held past the promise. The setting PaymentOptions:PaymentSucceeded decides every payment (PaymentProcessor/IntegrationEvents/EventHandling/OrderStatusChangedToStockConfirmedIntegrationEventHandler.cs:21-28; PaymentProcessor/appsettings.json:15), and either answer takes the order out of the stage. Orders paid with no money moving are counted by M27",,,,,,not possible,,PaymentProcessor/IntegrationEvents/EventHandling/OrderStatusChangedToStockConfirmedIntegrationEventHandler.cs:15-28
FM44,L04; L05; L06; L07,needs,unavailable,S12,The ordering database does not answer: Ordering API's status change fails and the answer is acknowledged and gone (EventBusRabbitMQ/RabbitMQEventBus.cs:170-180); the shared postgres server also takes catalogdb down (eShop.AppHost/Program.cs:11-19),stranded,In the postgres container (az containerapp exec --name postgres --resource-group <rg>) run pg_isready -d orderingdb,M81,accepting connections,"no response, or rejecting connections",restore,R1,Ordering.API/Application/Behaviors/TransactionBehavior.cs:57-61
FM45,L04; L05; L06; L07,needs,full or out of capacity,S12,The postgres server refuses connections; status changes fail as in FM44 and their answers are lost,stranded,"In the postgres container (az containerapp exec --name postgres --resource-group <rg>) run psql -U postgres -d orderingdb, then: SELECT count(*) FROM pg_stat_activity; and SHOW max_connections;",M80,well below max_connections,at max_connections,restore,R1,eShop.AppHost/Program.cs:11-19
FM46,L04; L05; L06; L07,needs,unavailable,S15,"The broker does not answer: Ordering API's post-commit publish is marked failed (FM21), Catalog API's too (FM24), and Payment Processor's result is lost (FM28). Messages already queued wait only if the broker keeps its data: the AppHost gives it no data volume (eShop.AppHost/Program.cs:9-10)",stranded,In the eventbus container (az containerapp exec --name eventbus --resource-group <rg>) run rabbitmq-diagnostics -q ping,M90,Ping succeeded,no answer,restore,R1,EventBusRabbitMQ/RabbitMQEventBus.cs:31-111
FM47,L04; L05,needs,unavailable,S13,The catalog database does not answer: the stock check throws and its request is acknowledged and gone (FM35),stranded,In the postgres container (az containerapp exec --name postgres --resource-group <rg>) run pg_isready -d catalogdb,M83,accepting connections,"no response, or rejecting connections",restore,R1,Catalog.API/IntegrationEvents/EventHandling/OrderStatusChangedToAwaitingValidationIntegrationEventHandler.cs:17; eShop.AppHost/Program.cs:16
FM48,L04; L05,needs,slow,S13,Stock lookups run long; answers arrive late and orders leave late,moves on,"In the postgres container (az containerapp exec --name postgres --resource-group <rg>) run psql -U postgres -d catalogdb, then: SELECT count(*) FROM pg_stat_activity WHERE datname = 'catalogdb' AND state = 'active' AND now() - query_start > interval '5 seconds';",M84,0,"1 or more, persisting",cannot restore,,Catalog.API/IntegrationEvents/EventHandling/OrderStatusChangedToAwaitingValidationIntegrationEventHandler.cs:15-25
FM49,L04; L05,needs,full or out of capacity,S13,The postgres server refuses Catalog API's connections; the check fails as in FM35,stranded,"In the postgres container (az containerapp exec --name postgres --resource-group <rg>) run psql -U postgres -d catalogdb, then: SELECT count(*) FROM pg_stat_activity WHERE datname = 'catalogdb'; and SHOW max_connections;",M85,well below max_connections,the server at max_connections,restore,R1,eShop.AppHost/Program.cs:11-19
FM50,L08; L09; L10,call,callee down,S05,"not possible here: as a cause of orders held past the promise. A failed cancellation leaves the order on the main path, which moves it on by itself (OrderProcessor/Services/GracePeriodManagerService.cs:50-61); the cancel request fails (where the cancel command itself fails, Ordering API answers 500 'Cancel order failed to process.': Ordering.API/Apis/OrdersApi.cs:41-46). Counted by M30 at step 8. Here: Ordering API down, so Mobile BFF cannot reach it",,,,,,not possible,,eShop.AppHost/Extensions.cs:144-146
FM51,L08; L09; L10,call,callee down,S04,"not possible here: as a cause of orders held past the promise. A failed cancellation leaves the order on the main path, which moves it on by itself (OrderProcessor/Services/GracePeriodManagerService.cs:50-61); the cancel request fails (where the cancel command itself fails, Ordering API answers 500 'Cancel order failed to process.': Ordering.API/Apis/OrdersApi.cs:41-46). Counted by M30 at step 8. Here: Mobile BFF down, so the app cannot reach it",,,,,,not possible,,eShop.AppHost/Program.cs:61-63
FM52,L08; L09; L10,call,callee returns an error,S05,"not possible here: as a cause of orders held past the promise. A failed cancellation leaves the order on the main path, which moves it on by itself (OrderProcessor/Services/GracePeriodManagerService.cs:50-61); the cancel request fails (where the cancel command itself fails, Ordering API answers 500 'Cancel order failed to process.': Ordering.API/Apis/OrdersApi.cs:41-46). Counted by M30 at step 8. Here: Ordering API answers 500 'Cancel order failed to process.' (Ordering.API/Apis/OrdersApi.cs:43-46)",,,,,,not possible,,Ordering.API/Apis/OrdersApi.cs:22-49
FM53,L08; L09; L10,call,callee slow or hangs,S05,"not possible here: as a cause of orders held past the promise. A failed cancellation leaves the order on the main path, which moves it on by itself (OrderProcessor/Services/GracePeriodManagerService.cs:50-61); the cancel request fails (where the cancel command itself fails, Ordering API answers 500 'Cancel order failed to process.': Ordering.API/Apis/OrdersApi.cs:41-46). Counted by M30 at step 8. Here: the cancel is slow; the main path is not waiting on it",,,,,,not possible,,Ordering.API/Apis/OrdersApi.cs:22-49
FM54,L08; L09; L10,call,caller gives up mid-call,S03,"not possible here: as a cause of orders held past the promise. A failed cancellation leaves the order on the main path, which moves it on by itself (OrderProcessor/Services/GracePeriodManagerService.cs:50-61); the cancel request fails (where the cancel command itself fails, Ordering API answers 500 'Cancel order failed to process.': Ordering.API/Apis/OrdersApi.cs:41-46). Counted by M30 at step 8. Here: the app gives up; if Ordering API finished the cancel, the order is Cancelled and leaves the stage",,,,,,not possible,,ClientApp/Services/Order/OrderService.cs:83-110
FM55,L08; L09; L10,in-process,the act fails,S05,"not possible here: as a cause of orders held past the promise. A failed cancellation leaves the order on the main path, which moves it on by itself (OrderProcessor/Services/GracePeriodManagerService.cs:50-61); the cancel request fails (where the cancel command itself fails, Ordering API answers 500 'Cancel order failed to process.': Ordering.API/Apis/OrdersApi.cs:41-46). Counted by M30 at step 8. Here: the cancel command throws or returns false; a throw is caught by the identified-command wrapper, which returns false (Ordering.API/Application/Commands/IdentifiedCommandHandler.cs:99-102), so Ordering API reports the cancel failed with 500 'Cancel order failed to process.' (Ordering.API/Apis/OrdersApi.cs:43-46)",,,,,,not possible,,Ordering.API/Application/Commands/CancelOrderCommandHandler.cs:19-29
FM56,L08; L09,in-process,the act completes wrongly,S05,"not possible here: a cancellation that lands while the release or the stock check is in flight leaves the order Cancelled, and the late message is ignored because each setter acts only from its expected state (Ordering.Domain/AggregatesModel/OrderAggregate/Order.cs:101, 110)",,,,,,not possible,,Ordering.Domain/AggregatesModel/OrderAggregate/Order.cs:99-117
FM57,L10,in-process,the act completes wrongly,S05,"not possible here: as a cause of orders held past the promise. A cancellation while payment is in flight leaves the order Cancelled and the payment result ignored (Ordering.Domain/AggregatesModel/OrderAggregate/Order.cs:121): wrong, and with a real gateway money taken for a cancelled order, but the order is out of the stage. Counted by M31",,,,,,not possible,,Ordering.Domain/AggregatesModel/OrderAggregate/Order.cs:119-128
FM58,L08; L09; L10,needs,unavailable,S12,"not possible here: as a cause of orders held past the promise. A failed cancellation leaves the order on the main path, which moves it on by itself (OrderProcessor/Services/GracePeriodManagerService.cs:50-61); the cancel request fails (where the cancel command itself fails, Ordering API answers 500 'Cancel order failed to process.': Ordering.API/Apis/OrdersApi.cs:41-46). Counted by M30 at step 8. Here: the ordering database for the cancel write; the same fault on the main path is FM11 to FM13 and FM44 to FM45",,,,,,not possible,,Ordering.API/Application/Commands/CancelOrderCommandHandler.cs:27-28
FM59,L08; L09; L10,needs,slow,S12,"not possible here: as a cause of orders held past the promise. A failed cancellation leaves the order on the main path, which moves it on by itself (OrderProcessor/Services/GracePeriodManagerService.cs:50-61); the cancel request fails (where the cancel command itself fails, Ordering API answers 500 'Cancel order failed to process.': Ordering.API/Apis/OrdersApi.cs:41-46). Counted by M30 at step 8. Here: the ordering database for the cancel write; the same fault on the main path is FM11 to FM13 and FM44 to FM45",,,,,,not possible,,Ordering.API/Application/Commands/CancelOrderCommandHandler.cs:27-28
FM60,L08; L09; L10,needs,full or out of capacity,S12,"not possible here: as a cause of orders held past the promise. A failed cancellation leaves the order on the main path, which moves it on by itself (OrderProcessor/Services/GracePeriodManagerService.cs:50-61); the cancel request fails (where the cancel command itself fails, Ordering API answers 500 'Cancel order failed to process.': Ordering.API/Apis/OrdersApi.cs:41-46). Counted by M30 at step 8. Here: the ordering database for the cancel write; the same fault on the main path is FM11 to FM13 and FM44 to FM45",,,,,,not possible,,Ordering.API/Application/Commands/CancelOrderCommandHandler.cs:27-28
FM61,L08; L09; L10,needs,unavailable,S10,"not possible here: as a cause of orders held past the promise. A failed cancellation leaves the order on the main path, which moves it on by itself (OrderProcessor/Services/GracePeriodManagerService.cs:50-61); the cancel request fails (where the cancel command itself fails, Ordering API answers 500 'Cancel order failed to process.': Ordering.API/Apis/OrdersApi.cs:41-46). Counted by M30 at step 8. Here: Identity API, whose keys Ordering API uses to check the customer's token (eShop.ServiceDefaults/AuthenticationExtensions.cs:33-38); the main path carries no token",,,,,,not possible,,Ordering.API/Program.cs:21-22
FM62,L08; L09; L10,needs,slow,S10,"not possible here: as a cause of orders held past the promise. A failed cancellation leaves the order on the main path, which moves it on by itself (OrderProcessor/Services/GracePeriodManagerService.cs:50-61); the cancel request fails (where the cancel command itself fails, Ordering API answers 500 'Cancel order failed to process.': Ordering.API/Apis/OrdersApi.cs:41-46). Counted by M30 at step 8. Here: Identity API, whose keys Ordering API uses to check the customer's token (eShop.ServiceDefaults/AuthenticationExtensions.cs:33-38); the main path carries no token",,,,,,not possible,,Ordering.API/Program.cs:21-22
FM63,L08; L09; L10,needs,full or out of capacity,S10,"not possible here: as a cause of orders held past the promise. A failed cancellation leaves the order on the main path, which moves it on by itself (OrderProcessor/Services/GracePeriodManagerService.cs:50-61); the cancel request fails (where the cancel command itself fails, Ordering API answers 500 'Cancel order failed to process.': Ordering.API/Apis/OrdersApi.cs:41-46). Counted by M30 at step 8. Here: Identity API, whose keys Ordering API uses to check the customer's token (eShop.ServiceDefaults/AuthenticationExtensions.cs:33-38); the main path carries no token",,,,,,not possible,,Ordering.API/Program.cs:21-22
FM64,L04; L05; L06; L07,needs,slow,S12,"Statements run long: the poll, the status writes and the outbox writes finish late, and orders leave late. A statement that fails outright shows as the unavailable rows instead (the same fault for the moves after Submitted)",moves on,"In the postgres container (az containerapp exec --name postgres --resource-group <rg>) run psql -U postgres -d orderingdb, then: SELECT count(*) FROM pg_stat_activity WHERE datname = 'orderingdb' AND state = 'active' AND now() - query_start > interval '5 seconds';",M82,0,"1 or more, persisting",cannot restore,,Ordering.API/Application/Behaviors/TransactionBehavior.cs:32-53; OrderProcessor/Services/GracePeriodOrdersRepository.cs:22-38
FM65,L04; L05; L06; L07,needs,slow,S15,The broker slows publishing connections when its queues cannot keep up (flow control: https://www.rabbitmq.com/docs/flow-control); memory or disk nearing its watermark is a leading sign of the alarm in FM66. Messages arrive late and the orders move late (the same fault for the moves after Submitted),moves on,In the eventbus container (az containerapp exec --name eventbus --resource-group <rg>) run rabbitmq-diagnostics check_local_alarms; and memory and disk free against their watermarks in rabbitmqctl status,M91,"no alarms, memory and disk well inside their limits","no alarm yet, but memory or disk close to its watermark",cannot restore,,eShop.AppHost/Program.cs:9-10
FM66,L04; L05; L06; L07,needs,full or out of capacity,S15,"A memory or disk alarm makes the broker block publishing connections until it clears (https://www.rabbitmq.com/docs/alarms); the code sets no publish timeout (EventBusRabbitMQ/RabbitMQEventBus.cs:97-102), so the moves resume late rather than fail (the same fault for the moves after Submitted)",moves on,In the eventbus container (az containerapp exec --name eventbus --resource-group <rg>) run rabbitmq-diagnostics check_local_alarms,M91,no alarms,a memory or disk alarm in effect,cannot restore,,EventBusRabbitMQ/RabbitMQEventBus.cs:31-111
