move_id,flow,from_state,from_kind,park_because,move,to_state,path,order_note,travels_by,carried_by,needs,timing,if_not,recovery,irreversible,source
L01,F1,(none),in act,,"The order is placed: its record is written with its items, delivery address and the buyer's payment method",Submitted,main,,"call (WebApp reads the basket from Basket API by gRPC and the items' names and prices from Catalog API); call (WebApp to Ordering API: POST /api/orders with x-requestid; or ClientApp through Mobile BFF); in-process (Ordering API writes the order in Submitted with its buyer and payment method, and the OrderStarted and OrderStatusChangedToSubmitted outbox rows, in one transaction)",S02 WebApp; S03 ClientApp; S04 Mobile BFF; S09 Basket API; S07 Catalog API; S05 Ordering API,S12 Ordering database; S16 Basket store; S13 Catalog database; S10 Identity API,WebApp's HTTP clients carry the standard resilience handler (eShop.ServiceDefaults/Extensions.cs:22-29); a repeated POST with the same x-requestid is answered without a second order (Ordering.API/Application/Commands/IdentifiedCommandHandler.cs:41-45; Ordering.API/Application/Commands/CreateOrderCommandHandler.cs:67-70),"No order record. Ordering API answers 200 even when the command returned false (Ordering.API/Apis/OrdersApi.cs:155-166), and an exception inside the command is swallowed into false (Ordering.API/Application/Commands/IdentifiedCommandHandler.cs:99-102); the WebApp does not read the response (WebApp/Services/OrderingService.cs:12-18), empties the basket anyway (WebApp/Services/BasketState.cs:107-108) and shows the orders page (WebApp/Components/Pages/Checkout/Checkout.razor:111-116). The customer must notice and order again",not created,,"Ordering.API/Application/Commands/CreateOrderCommandHandler.cs:40-51 (new Order, Add, SaveEntitiesAsync); Ordering.Domain/AggregatesModel/OrderAggregate/Order.cs:52-65 (status Submitted at :57); Ordering.API/Application/Behaviors/TransactionBehavior.cs:32-53 (commit then publish); WebApp/Services/BasketState.cs:78-109"
L02,F1,(none),in act,,The customer's basket is emptied,(none),main,parallel with L01,"call (WebApp deletes the basket through Basket API by gRPC after the order call; ClientApp clears its basket the same way); outbox (OrderStartedIntegrationEvent written with the order); message (OrderStartedIntegrationEvent via RabbitMQ exchange eshop_event_bus to queue Basket, which deletes the basket)",S02 WebApp; S03 ClientApp; S09 Basket API; S05 Ordering API,S16 Basket store; S15 Event bus,,The basket keeps the ordered items and the customer may order them twice. Two paths empty it: the WebApp after its call (WebApp/Services/BasketState.cs:107-108) and Basket API on OrderStartedIntegrationEvent (Basket.API/IntegrationEvents/EventHandling/OrderStartedIntegrationEventHandler.cs:14),,,Ordering.API/Application/Commands/CreateOrderCommandHandler.cs:31-33; WebApp/Services/BasketState.cs:107-108; ClientApp/ViewModels/CheckoutViewModel.cs:115; Basket.API/IntegrationEvents/EventHandling/OrderStartedIntegrationEventHandler.cs:10-15
L03,F1,Submitted,park,timer,The grace period ends and the order is released for stock checking,AwaitingValidation,main,,"poll (Order Processor selects orders in Submitted older than the grace period, on every run); message (GracePeriodConfirmedIntegrationEvent via RabbitMQ exchange eshop_event_bus to queue Ordering); in-process (Ordering API sets AwaitingValidation and writes OrderStatusChangedToAwaitingValidationIntegrationEvent to its outbox in the same transaction)",S06 Order Processor; S05 Ordering API,S12 Ordering database; S15 Event bus,"Grace period GracePeriodTime 1 minute, polled every CheckUpdateTime 30 seconds (OrderProcessor/appsettings.json:15-16; OrderProcessor/Services/GracePeriodManagerService.cs:17, 34, 50-52). Every run re-publishes for each order still Submitted (OrderProcessor/Services/GracePeriodManagerService.cs:54-61). The bus's retry policy (RetryCount 10, EventBusRabbitMQ/EventBusOptions.cs:6) never retries a failed publish: Execute is given an async lambda, so the failure lands in the returned task, not the call (EventBusRabbitMQ/RabbitMQEventBus.cs:57, 302-314; Polly's Execute overloads, https://www.pollydocs.org/api/Polly.ResiliencePipeline.html)","The order stays in Submitted, and each poll publishes for it again, so it moves on once the poller, the broker and Ordering API's consumer work (OrderProcessor/Services/GracePeriodManagerService.cs:50-61; OrderProcessor/Services/GracePeriodOrdersRepository.cs:24-28). A failed query is logged and returns no orders (OrderProcessor/Services/GracePeriodOrdersRepository.cs:41-45); a failed publish is not caught in the loop and stops the background service (OrderProcessor/Services/GracePeriodManagerService.cs:32, 60)",moves on,,OrderProcessor/Services/GracePeriodManagerService.cs:15-62; OrderProcessor/Services/GracePeriodOrdersRepository.cs:16-46; Ordering.API/Application/IntegrationEvents/EventHandling/GracePeriodConfirmedIntegrationEventHandler.cs:15-29; Ordering.API/Application/Commands/SetAwaitingValidationOrderStatusCommandHandler.cs:19-29; Ordering.Domain/AggregatesModel/OrderAggregate/Order.cs:99-106; Ordering.API/Application/DomainEventHandlers/OrderStatusChangedToAwaitingValidationDomainEventHandler.cs:23-35
L04,F1,AwaitingValidation,in act,,Stock is confirmed for every item of the order,StockConfirmed,main,,"outbox (Ordering API publishes OrderStatusChangedToAwaitingValidationIntegrationEvent from ordering.""IntegrationEventLog"" right after the commit of L03); message (via RabbitMQ exchange eshop_event_bus to queue Catalog); in-process (Catalog API compares each item's AvailableStock with its units); outbox (Catalog API writes OrderStockConfirmedIntegrationEvent to its ""IntegrationEventLog"" and publishes it); message (via RabbitMQ to queue Ordering); in-process (Ordering API waits 10 seconds then sets StockConfirmed and writes OrderStatusChangedToStockConfirmedIntegrationEvent to its outbox)",S05 Ordering API; S07 Catalog API,S12 Ordering database; S13 Catalog database; S15 Event bus,"10 seconds of simulated work before the status is set (Ordering.API/Application/Commands/SetStockConfirmedOrderStatusCommandHandler.cs:21-22). Ordering API consumes its queue with one consumer on one channel (EventBusRabbitMQ/RabbitMQEventBus.cs:246, 270-277), so these waits queue behind one another","The order stays in AwaitingValidation with nothing to move it: a failed publish is marked PublishedFailed and never sent again (Ordering.API/Application/IntegrationEvents/OrderingIntegrationEventService.cs:27-31; Catalog.API/IntegrationEvents/CatalogIntegrationEventService.cs:21-25; IntegrationEventLogEF/Services/IntegrationEventLogService.cs:19-23, 56-59); a consumer that throws still acknowledges the message, so it is gone (EventBusRabbitMQ/RabbitMQEventBus.cs:170-180); the poll re-sends only for Submitted (OrderProcessor/Services/GracePeriodOrdersRepository.cs:27). A message waiting in its queue for a stopped consumer moves on when the consumer returns",stranded,,Catalog.API/IntegrationEvents/EventHandling/OrderStatusChangedToAwaitingValidationIntegrationEventHandler.cs:9-33; Catalog.API/IntegrationEvents/CatalogIntegrationEventService.cs:11-40; Ordering.API/Application/IntegrationEvents/EventHandling/OrderStockConfirmedIntegrationEventHandler.cs:8-22; Ordering.API/Application/Commands/SetStockConfirmedOrderStatusCommandHandler.cs:19-32; Ordering.Domain/AggregatesModel/OrderAggregate/Order.cs:108-117
L05,F1,AwaitingValidation,in act,,The order is cancelled because an item is out of stock,Cancelled,alternative,,"outbox (Ordering API publishes OrderStatusChangedToAwaitingValidationIntegrationEvent from ordering.""IntegrationEventLog"" right after the commit of L03); message (via RabbitMQ exchange eshop_event_bus to queue Catalog); in-process (Catalog API compares each item's AvailableStock with its units); outbox (Catalog API writes OrderStockRejectedIntegrationEvent to its ""IntegrationEventLog"" and publishes it); message (via RabbitMQ to queue Ordering); in-process (Ordering API waits 10 seconds then sets Cancelled with the out-of-stock products in Description; no outbox row is written)",S05 Ordering API; S07 Catalog API,S12 Ordering database; S13 Catalog database; S15 Event bus,"10 seconds of simulated work before the status is set (Ordering.API/Application/Commands/SetStockRejectedOrderStatusCommandHandler.cs:21-22), queued behind the other waits as in L04","The order stays in AwaitingValidation with nothing to move it: a failed publish is marked PublishedFailed and never sent again (Ordering.API/Application/IntegrationEvents/OrderingIntegrationEventService.cs:27-31; Catalog.API/IntegrationEvents/CatalogIntegrationEventService.cs:21-25; IntegrationEventLogEF/Services/IntegrationEventLogService.cs:19-23, 56-59); a consumer that throws still acknowledges the message, so it is gone (EventBusRabbitMQ/RabbitMQEventBus.cs:170-180); the poll re-sends only for Submitted (OrderProcessor/Services/GracePeriodOrdersRepository.cs:27). A message waiting in its queue for a stopped consumer moves on when the consumer returns",stranded,,"Catalog.API/IntegrationEvents/EventHandling/OrderStatusChangedToAwaitingValidationIntegrationEventHandler.cs:20-29; Ordering.API/Application/IntegrationEvents/EventHandling/OrderStockRejectedIntegrationEventHandler.cs:6-25; Ordering.API/Application/Commands/SetStockRejectedOrderStatusCommandHandler.cs:19-33; Ordering.Domain/AggregatesModel/OrderAggregate/Order.cs:155-168 (raises no domain event, so no OrderStatusChangedToCancelled event is sent)"
L06,F1,StockConfirmed,in act,,Payment is taken for the order,Paid,main,,"outbox (Ordering API publishes OrderStatusChangedToStockConfirmedIntegrationEvent from ordering.""IntegrationEventLog"" right after the commit of L04); message (via RabbitMQ exchange eshop_event_bus to queue PaymentProcessor); in-process (Payment Processor decides from the setting PaymentOptions:PaymentSucceeded); message (OrderPaymentSucceededIntegrationEvent published directly with no outbox, via RabbitMQ to queue Ordering); in-process (Ordering API waits 10 seconds then sets Paid and writes OrderStatusChangedToPaidIntegrationEvent to its outbox)",S05 Ordering API; S08 Payment Processor,S12 Ordering database; S15 Event bus,"10 seconds of simulated work before the status is set (Ordering.API/Application/Commands/SetPaidOrderStatusCommandHandler.cs:21-22), on the same single consumer as L04","The order stays in StockConfirmed with nothing to move it: Ordering API's publish failure is marked PublishedFailed and never retried (Ordering.API/Application/IntegrationEvents/OrderingIntegrationEventService.cs:27-31; IntegrationEventLogEF/Services/IntegrationEventLogService.cs:19-23, 56-59); Payment Processor's publish has no outbox and its failure throws out of the handler (PaymentProcessor/IntegrationEvents/EventHandling/OrderStatusChangedToStockConfirmedIntegrationEventHandler.cs:32), and every consumer acknowledges a message it failed on (EventBusRabbitMQ/RabbitMQEventBus.cs:170-180). A message waiting in its queue for a stopped consumer moves on when the consumer returns",stranded,yes,PaymentProcessor/IntegrationEvents/EventHandling/OrderStatusChangedToStockConfirmedIntegrationEventHandler.cs:9-33; PaymentProcessor/appsettings.json:14-16; Ordering.API/Application/Commands/SetPaidOrderStatusCommandHandler.cs:19-32; Ordering.Domain/AggregatesModel/OrderAggregate/Order.cs:119-128; Ordering.Domain/AggregatesModel/OrderAggregate/Order.cs:144-147 (a Paid order can no longer be cancelled)
L07,F1,StockConfirmed,in act,,The order is cancelled because payment failed,Cancelled,alternative,,"outbox (Ordering API publishes OrderStatusChangedToStockConfirmedIntegrationEvent from ordering.""IntegrationEventLog"" right after the commit of L04); message (via RabbitMQ exchange eshop_event_bus to queue PaymentProcessor); in-process (Payment Processor decides from the setting PaymentOptions:PaymentSucceeded); message (OrderPaymentFailedIntegrationEvent published directly with no outbox, via RabbitMQ to queue Ordering); in-process (Ordering API sets Cancelled and writes OrderStatusChangedToCancelledIntegrationEvent to its outbox)",S05 Ordering API; S08 Payment Processor,S12 Ordering database; S15 Event bus,,"The order stays in StockConfirmed with nothing to move it: Ordering API's publish failure is marked PublishedFailed and never retried (Ordering.API/Application/IntegrationEvents/OrderingIntegrationEventService.cs:27-31; IntegrationEventLogEF/Services/IntegrationEventLogService.cs:19-23, 56-59); Payment Processor's publish has no outbox and its failure throws out of the handler (PaymentProcessor/IntegrationEvents/EventHandling/OrderStatusChangedToStockConfirmedIntegrationEventHandler.cs:32), and every consumer acknowledges a message it failed on (EventBusRabbitMQ/RabbitMQEventBus.cs:170-180). A message waiting in its queue for a stopped consumer moves on when the consumer returns",stranded,,PaymentProcessor/IntegrationEvents/EventHandling/OrderStatusChangedToStockConfirmedIntegrationEventHandler.cs:21-28; Ordering.API/Application/IntegrationEvents/EventHandling/OrderPaymentFailedIntegrationEventHandler.cs:8-22; Ordering.API/Application/Commands/CancelOrderCommandHandler.cs:19-29; Ordering.Domain/AggregatesModel/OrderAggregate/Order.cs:142-153
L08,F1,Submitted,park,timer,The order is cancelled at the customer's request,Cancelled,alternative,,call (ClientApp to Mobile BFF: PUT /api/orders/cancel with x-requestid and the customer's token); call (Mobile BFF to Ordering API); in-process (Ordering API sets Cancelled and writes OrderStatusChangedToCancelledIntegrationEvent to its outbox),S03 ClientApp; S04 Mobile BFF; S05 Ordering API,S12 Ordering database; S10 Identity API,,The order is not cancelled and goes on along the main path. Ordering API answers 500 'Cancel order failed to process.' when the command fails (Ordering.API/Apis/OrdersApi.cs:41-46); the mobile app treats only a 400 as a refusal (ClientApp/Services/Order/OrderService.cs:104-107). The customer must try again,,,"ClientApp/Services/Order/OrderService.cs:83-110; eShop.AppHost/Extensions.cs:144-146 (Mobile BFF route /api/orders); Ordering.API/Apis/OrdersApi.cs:11, 22-49; Ordering.API/Application/Commands/CancelOrderCommandHandler.cs:19-29; Ordering.Domain/AggregatesModel/OrderAggregate/Order.cs:142-153 (the guard at :144-147 allows Submitted); the web front end offers no cancel; the mobile app ships with mock services on (ClientApp/Services/Settings/SettingsService.cs:25)"
L09,F1,AwaitingValidation,in act,,The order is cancelled at the customer's request,Cancelled,alternative,parallel with L04,call (ClientApp to Mobile BFF: PUT /api/orders/cancel with x-requestid and the customer's token); call (Mobile BFF to Ordering API); in-process (Ordering API sets Cancelled and writes OrderStatusChangedToCancelledIntegrationEvent to its outbox),S03 ClientApp; S04 Mobile BFF; S05 Ordering API,S12 Ordering database; S10 Identity API,,The order is not cancelled and goes on along the main path. Ordering API answers 500 'Cancel order failed to process.' when the command fails (Ordering.API/Apis/OrdersApi.cs:41-46); the mobile app treats only a 400 as a refusal (ClientApp/Services/Order/OrderService.cs:104-107). The customer must try again,,,"ClientApp/Services/Order/OrderService.cs:83-110; eShop.AppHost/Extensions.cs:144-146 (Mobile BFF route /api/orders); Ordering.API/Apis/OrdersApi.cs:11, 22-49; Ordering.API/Application/Commands/CancelOrderCommandHandler.cs:19-29; Ordering.Domain/AggregatesModel/OrderAggregate/Order.cs:142-153 (the guard at :144-147 allows AwaitingValidation); the web front end offers no cancel; the mobile app ships with mock services on (ClientApp/Services/Settings/SettingsService.cs:25)"
L10,F1,StockConfirmed,in act,,The order is cancelled at the customer's request,Cancelled,alternative,parallel with L06,call (ClientApp to Mobile BFF: PUT /api/orders/cancel with x-requestid and the customer's token); call (Mobile BFF to Ordering API); in-process (Ordering API sets Cancelled and writes OrderStatusChangedToCancelledIntegrationEvent to its outbox),S03 ClientApp; S04 Mobile BFF; S05 Ordering API,S12 Ordering database; S10 Identity API,,The order is not cancelled and goes on along the main path. Ordering API answers 500 'Cancel order failed to process.' when the command fails (Ordering.API/Apis/OrdersApi.cs:41-46); the mobile app treats only a 400 as a refusal (ClientApp/Services/Order/OrderService.cs:104-107). The customer must try again,,,"ClientApp/Services/Order/OrderService.cs:83-110; eShop.AppHost/Extensions.cs:144-146 (Mobile BFF route /api/orders); Ordering.API/Apis/OrdersApi.cs:11, 22-49; Ordering.API/Application/Commands/CancelOrderCommandHandler.cs:19-29; Ordering.Domain/AggregatesModel/OrderAggregate/Order.cs:142-153 (the guard at :144-147 allows StockConfirmed); the web front end offers no cancel; the mobile app ships with mock services on (ClientApp/Services/Settings/SettingsService.cs:25)"
L11,F1,Paid,park,person,Stock is reduced by the order's units,Paid,main,,"outbox (OrderStatusChangedToPaidIntegrationEvent written with Paid, published after commit); message (via RabbitMQ to queue Catalog); in-process (Catalog API removes each item's units from AvailableStock)",S05 Ordering API; S07 Catalog API,S12 Ordering database; S13 Catalog database; S15 Event bus,,"Stock is not reduced, and the next stock check confirms against the old figure. RemoveStock throws for an item already at zero (Catalog.API/Model/CatalogItem.cs:64-67), the handler saves only after the loop (Catalog.API/IntegrationEvents/EventHandling/OrderStatusChangedToPaidIntegrationEventHandler.cs:13-20), and the failed message is acknowledged and gone (EventBusRabbitMQ/RabbitMQEventBus.cs:170-180), so none of the order's items is reduced. The order itself is unaffected",,,"Ordering.API/Application/DomainEventHandlers/OrderStatusChangedToPaidDomainEventHandler.cs:22-40; Catalog.API/IntegrationEvents/EventHandling/OrderStatusChangedToPaidIntegrationEventHandler.cs:8-21 (stock is not reserved at the check, :12)"
L12,F1,Paid,park,person,Webhook subscribers are told the order is paid,Paid,main,,outbox (OrderStatusChangedToPaidIntegrationEvent); message (via RabbitMQ to queue Webhooks); call (Webhooks API posts the event to every OrderPaid subscription's URL),S05 Ordering API; S11 Webhooks API,S14 Webhooks database; S15 Event bus; S18 Webhook subscriber endpoint,,"Subscribers are not told. Each post is retried up to 3 times on a transient failure by the standard resilience handler every HTTP client carries (Webhooks.API/Program.cs:3; eShop.ServiceDefaults/Extensions.cs:22-29; defaults: https://raw.githubusercontent.com/dotnet/docs/main/docs/core/resilience/http-resilience.md), and its response is not read (Webhooks.API/Services/WebhooksSender.cs:5-33); every OrderPaid subscription receives every order, with no filter by buyer (Webhooks.API/Services/WebhooksRetriever.cs:5-8)",,,Webhooks.API/IntegrationEvents/OrderStatusChangedToPaidIntegrationEventHandler.cs:8-17; Webhooks.API/Extensions/Extensions.cs:23
L13,F1,Paid,park,person,The order is shipped,Shipped,main,,person (someone ships the goods and records it); call (PUT /api/orders/ship with x-requestid to Ordering API); in-process (Ordering API sets Shipped and writes OrderStatusChangedToShippedIntegrationEvent),S17 Fulfilment staff; S05 Ordering API,S12 Ordering database; S10 Identity API,,"The order stays in Paid. Nothing in the application calls the ship endpoint and no timer watches Paid orders: it is mapped (Ordering.API/Apis/OrdersApi.cs:12, 51-78) and has no caller in WebApp, ClientApp or any worker",stranded,yes,Ordering.API/Apis/OrdersApi.cs:51-78; Ordering.API/Application/Commands/ShipOrderCommandHandler.cs:19-29; Ordering.Domain/AggregatesModel/OrderAggregate/Order.cs:130-140; Ordering.API/Application/DomainEventHandlers/OrderShippedDomainEventHandler.cs:23-32
L14,F1,Shipped,park,outside party,Webhook subscribers are told the order is shipped,Shipped,main,,outbox (OrderStatusChangedToShippedIntegrationEvent); message (via RabbitMQ to queue Webhooks); call (Webhooks API posts to every OrderShipped subscription's URL),S05 Ordering API; S11 Webhooks API,S14 Webhooks database; S15 Event bus; S18 Webhook subscriber endpoint,,"Subscribers are not told; each post retried up to 3 times on a transient failure by the standard resilience handler, response not read (Webhooks.API/Services/WebhooksSender.cs:5-33; Webhooks.API/Program.cs:3; eShop.ServiceDefaults/Extensions.cs:22-29; defaults: https://raw.githubusercontent.com/dotnet/docs/main/docs/core/resilience/http-resilience.md)",,,Webhooks.API/IntegrationEvents/OrderStatusChangedToShippedIntegrationEventHandler.cs:8-17; Webhooks.API/Extensions/Extensions.cs:22
