handle,subject_id,step,stage,flow,measure,question_it_answers,layer,counted_on,counted_how,form,exists,agent_question,source,source_ref,pages
M01,S01,,,F1,Orders placed,How many orders did customers place?,business health,cases,"rows of ordering.orders by ""OrderDate""",volume,no,,proposed,countable from ordering.orders (Ordering.Domain/AggregatesModel/OrderAggregate/Order.cs:58),
M02,S01,,,F1,Orders still open,How many orders are placed and neither delivered nor cancelled?,business health,cases,"rows of ordering.orders whose ""OrderStatus"" is not 'Cancelled'; delivery is not recorded, so Shipped counts as open",backlog,no,,proposed,"status kept as text (Ordering.Infrastructure/EntityConfigurations/OrderEntityTypeConfiguration.cs:18-21); entry to ST2 is the record's creation, ""OrderDate"" (Ordering.Domain/AggregatesModel/OrderAggregate/Order.cs:58)",
M03,S01,,,F1,"Orders cancelled, by reason","How many orders ended without the goods, and why?",business impact,cases,"rows in 'Cancelled' grouped by ""Description"" (out of stock names the products; the others read 'The order was cancelled.')",failure rate,no,,proposed,"Ordering.Domain/AggregatesModel/OrderAggregate/Order.cs:150-151, 166",
M04,S01,,,F1,Orders delivered,How many orders reached the customer?,business health,cases,not countable: the application records nothing after Shipped,completion rate,no,,proposed,needs a delivery record (Ordering.Domain/AggregatesModel/OrderAggregate/OrderStatus.cs:12),
M10,S01,,ST2,,"Orders in acceptance now, by state","How many orders are being accepted right now, and where?",business health,cases,"SELECT ""OrderStatus"", count(*) FROM ordering.orders WHERE ""OrderStatus"" IN ('Submitted','AwaitingValidation','StockConfirmed') GROUP BY 1; in the postgres container (az containerapp exec --name postgres --resource-group <rg>) run psql -U postgres -d orderingdb",backlog,no,,proposed,"status kept as text (Ordering.Infrastructure/EntityConfigurations/OrderEntityTypeConfiguration.cs:18-21); entry to ST2 is the record's creation, ""OrderDate"" (Ordering.Domain/AggregatesModel/OrderAggregate/Order.cs:58)",
M11,S01,,ST2,,Age of the oldest order in acceptance,How long has the oldest order been waiting to be accepted?,business health,cases,"now() - min(""OrderDate"") over ordering.orders WHERE ""OrderStatus"" IN ('Submitted','AwaitingValidation','StockConfirmed')",backlog,no,,proposed,"status kept as text (Ordering.Infrastructure/EntityConfigurations/OrderEntityTypeConfiguration.cs:18-21); entry to ST2 is the record's creation, ""OrderDate"" (Ordering.Domain/AggregatesModel/OrderAggregate/Order.cs:58)",
M12,S01,,ST2,,Time to get through acceptance,How long do orders take from placing to Paid or Cancelled?,business health,cases,"per order, the ""CreationTime"" of its OrderStatusChangedToPaid or OrderStatusChangedToCancelled row in ordering.""IntegrationEventLog"" minus ""OrderDate""; a stock-rejected cancellation writes no row, so its exit time is not recorded; in the postgres container (az containerapp exec --name postgres --resource-group <rg>) run psql -U postgres -d orderingdb",cycle time,no,,proposed,IntegrationEventLogEF/IntegrationEventLogEntry.cs:14; Ordering.Domain/AggregatesModel/OrderAggregate/Order.cs:155-168 (no event on stock rejection),
M13,S01,,ST2,,"Orders past the acceptance promise, by state","How many orders have waited longer than the promise to be accepted, and in which state are they held?",business impact,cases,"SELECT ""OrderStatus"", count(*) FROM ordering.orders WHERE ""OrderStatus"" IN ('Submitted','AwaitingValidation','StockConfirmed') AND now() - ""OrderDate"" > interval '2 minutes' GROUP BY 1 (the interval is the stage's proposed promise); in the postgres container (az containerapp exec --name postgres --resource-group <rg>) run psql -U postgres -d orderingdb",backlog,no,,proposed,"status kept as text (Ordering.Infrastructure/EntityConfigurations/OrderEntityTypeConfiguration.cs:18-21); entry to ST2 is the record's creation, ""OrderDate"" (Ordering.Domain/AggregatesModel/OrderAggregate/Order.cs:58)",yes
M14,S01,,ST3,,"Paid orders waiting to ship, and the oldest's age","How many paid orders are waiting to ship, and for how long?",business health,cases,"rows in 'Paid'; age from the order's OrderStatusChangedToPaid outbox row ""CreationTime""",backlog,no,,proposed,Ordering.Domain/AggregatesModel/OrderAggregate/Order.cs:119-128,
M20,S01,1,,,Orders placed (log),Was each order placed?,business health,cases,lines 'CreateOrderCommand succeeded - RequestId: {RequestId}' from ordering-api; a repeated request logs it too,volume,yes,,declared,Ordering.API/Apis/OrdersApi.cs:159,
M21,S01,1,,,Order requests answered OK with no order created,Did a checkout end without an order?,business impact,cases,lines 'CreateOrderCommand failed - RequestId: {RequestId}' from ordering-api; the caller still gets 200,failure rate,yes,,declared,Ordering.API/Apis/OrdersApi.cs:161-166,
M22,S01,3,,,Orders released for stock checking,Did the order leave Submitted?,business health,cases,"per order, one ordering.""IntegrationEventLog"" row of type OrderStatusChangedToAwaitingValidationIntegrationEvent; in the postgres container (az containerapp exec --name postgres --resource-group <rg>) run psql -U postgres -d orderingdb",volume,no,,proposed,the row is written with the status change (Ordering.API/Application/DomainEventHandlers/OrderStatusChangedToAwaitingValidationDomainEventHandler.cs:33-34),
M23,S01,4,,,Orders with stock confirmed,Was stock confirmed for this order?,business health,cases,"per order, one OrderStatusChangedToStockConfirmed outbox row",volume,no,,proposed,Ordering.API/Application/DomainEventHandlers/OrderStatusChangedToStockConfirmedDomainEventHandler.cs:30-31,
M24,S01,4,,,Orders confirmed with an unknown item,Was an order confirmed for a product the catalogue does not hold?,business impact,cases,"orders past AwaitingValidation with an ordering.""orderItems"" ""ProductId"" that has no ""Catalog"" row in catalogdb",failure rate,no,,proposed,Catalog.API/IntegrationEvents/EventHandling/OrderStatusChangedToAwaitingValidationIntegrationEventHandler.cs:17-24 (an unknown product is skipped),
M25,S01,5,,,Orders cancelled for lack of stock,Was the order cancelled because an item had no stock?,business health,cases,"rows in 'Cancelled' whose ""Description"" starts 'The product items don''t have stock'",volume,no,,proposed,Ordering.Domain/AggregatesModel/OrderAggregate/Order.cs:166,
M26,S01,6,,,Orders paid,Was the order paid?,business health,cases,"per order, one OrderStatusChangedToPaid outbox row",volume,no,,proposed,Ordering.Domain/AggregatesModel/OrderAggregate/Order.cs:119-128,
M27,S01,6,,,Orders marked paid with no payment taken,Was an order marked paid without any money moving?,business impact,cases,every Paid order while the payment is the simulated setting,failure rate,no,,proposed,PaymentProcessor/IntegrationEvents/EventHandling/OrderStatusChangedToStockConfirmedIntegrationEventHandler.cs:15-28,
M28,S01,7,,,Orders cancelled because payment failed,Was the order cancelled after a failed payment?,business health,cases,payment-processor lines 'Publishing integration event:' naming OrderPaymentFailedIntegrationEvent; read with az containerapp logs show --name payment-processor --resource-group <rg> --type console --tail 300 --format text (one replica per call; add --replica for the others),volume,yes,,declared,PaymentProcessor/IntegrationEvents/EventHandling/OrderStatusChangedToStockConfirmedIntegrationEventHandler.cs:30,
M29,S01,8,,,Orders cancelled at the customer's request,Did the customer's cancellation take effect?,business health,cases,"PUT api/orders/cancel answered 200, from Ordering API's request metric",volume,no,,proposed,"Ordering.API/Apis/OrdersApi.cs:9-11, 22-49",
M30,S01,8,,,Cancel requests refused or failed,Did a customer's cancellation fail?,business impact,cases,PUT api/orders/cancel answered 400 or 500,failure rate,no,,proposed,"Ordering.API/Apis/OrdersApi.cs:9-11, 27-30, 43-46",
M31,S01,8,,,Orders cancelled while their payment went ahead,Was a cancelled order also paid for?,business impact,cases,orders in 'Cancelled' for which payment-processor published OrderPaymentSucceededIntegrationEvent,failure rate,no,,proposed,Ordering.Domain/AggregatesModel/OrderAggregate/Order.cs:121 (the payment result is ignored for a cancelled order),
M32,S01,9,,,Paid orders whose stock was not reduced,Was stock reduced for this paid order?,business impact,cases,Paid orders with a catalog-api 'Error Processing message' line for their OrderStatusChangedToPaid event,failure rate,no,,proposed,Catalog.API/IntegrationEvents/EventHandling/OrderStatusChangedToPaidIntegrationEventHandler.cs:13-20; EventBusRabbitMQ/RabbitMQEventBus.cs:170-174; Catalog.API/Model/CatalogItem.cs:64-67,
M33,S01,11,,,Orders shipped,Was the order shipped?,business health,cases,"per order, one OrderStatusChangedToShipped outbox row",volume,no,,proposed,Ordering.Domain/AggregatesModel/OrderAggregate/Order.cs:130-140,
M40,S05,,,,"Ordering API requests by route and status, and their duration","Is Ordering API answering, and how fast?",application,requests,http.server.request.duration by http.route and http.response.status_code,errors,yes,,declared,"eShop.ServiceDefaults/Extensions.cs:61 (ASP.NET Core instrumentation; exported only when OTEL_EXPORTER_OTLP_ENDPOINT is set, :87-94)",
M41,S05,,,,Ordering API messages it failed to handle,Did Ordering API fail on a message it received?,application,requests,"ordering-api lines 'Error Processing message ""{Message}""' with the exception; the message is acknowledged anyway; read with az containerapp logs show --name ordering-api --resource-group <rg> --type console --tail 300 --format text (one replica per call; add --replica for the others)",errors,yes,,declared,EventBusRabbitMQ/RabbitMQEventBus.cs:170-180,
M42,S05,,,,"Ordering API transaction failures, by command",Did a status change fail to commit?,application,requests,ordering-api lines 'Error Handling transaction for {CommandName} ({@Command})'; read with az containerapp logs show --name ordering-api --resource-group <rg> --type console --tail 300 --format text (one replica per call; add --replica for the others),errors,yes,,declared,Ordering.API/Application/Behaviors/TransactionBehavior.cs:57-61,
M43,S05,,,,"Ordering outbox rows not published, by State",Are state changes committed but never sent?,application,events,"rows of ordering.""IntegrationEventLog"" with ""State"" 0 (NotPublished), 1 (InProgress) or 3 (PublishedFailed); 2 (Published) is healthy; in the postgres container (az containerapp exec --name postgres --resource-group <rg>) run psql -U postgres -d orderingdb",backlog,no,,proposed,IntegrationEventLogEF/EventStateEnum.cs:5-8; Ordering.Infrastructure/Migrations/OrderingContextModelSnapshot.cs:40-66; nothing re-sends them (IntegrationEventLogEF/Services/IntegrationEventLogService.cs:19-23),
M44,S05,,,,Ordering API publish failures,Did Ordering API fail to hand an event to the broker?,application,events,ordering-api lines 'Error publishing integration event: {IntegrationEventId}'; read with az containerapp logs show --name ordering-api --resource-group <rg> --type console --tail 300 --format text (one replica per call; add --replica for the others),errors,yes,,declared,Ordering.API/Application/IntegrationEvents/OrderingIntegrationEventService.cs:27-31,
M45,S05,,,,Queue Ordering: messages waiting and consumers,Is Ordering API keeping up with its queue?,application,events,"rabbitmqctl list_queues name messages consumers, row Ordering; run in the eventbus container (az containerapp exec --name eventbus --resource-group <rg>)",saturation,yes,,declared,built into the broker (eShop.AppHost/Program.cs:9-10); queue name Ordering.API/appsettings.json:27; not collected by any metrics pipeline in the repository,
M46,S05,,,,Ordering API messages of an event type it does not know,Did a message arrive that Ordering API cannot read?,application,requests,ordering-api lines 'Unable to resolve event type for event name {EventName}'; read with az containerapp logs show --name ordering-api --resource-group <rg> --type console --tail 300 --format text (one replica per call; add --replica for the others),errors,yes,,declared,EventBusRabbitMQ/RabbitMQEventBus.cs:192-196,
M50,S06,,,,Grace-period releases published,Is the poller running and releasing orders?,application,events,"order-processor lines 'Publishing integration event: {IntegrationEventId} - ({@IntegrationEvent})', one per Submitted order past the grace period per run; read with az containerapp logs show --name order-processor --resource-group <rg> --type console --tail 300 --format text (one replica per call; add --replica for the others)",rate,yes,,declared,OrderProcessor/Services/GracePeriodManagerService.cs:58,
M51,S06,,,,Grace-period poll query failures,Can the poller read the orders?,application,runs,order-processor lines 'Error querying confirmed grace period orders after grace period {GracePeriod}'; read with az containerapp logs show --name order-processor --resource-group <rg> --type console --tail 300 --format text (one replica per call; add --replica for the others),errors,yes,,declared,OrderProcessor/Services/GracePeriodOrdersRepository.cs:41-45,
M52,S06,,,,Order Processor exits and restarts,Has the poller stopped?,technology,runs,container start and exit events in the platform's system log for order-processor: az containerapp logs show --name order-processor --resource-group <rg> --type system,errors,no,,proposed,"an unhandled exception in the poll loop ends the service (OrderProcessor/Services/GracePeriodManagerService.cs:32, 60)",
M53,S06,,,,Event bus start failures,Did the service's connection to the broker fail at start?,application,runs,lines 'Error starting RabbitMQ connection' from the service,errors,yes,,declared,EventBusRabbitMQ/RabbitMQEventBus.cs:287-290,
M54,S06,,,,Grace period and poll interval in effect,Is the poller running with the settings the design assumes?,application,resources,BackgroundTaskOptions:GracePeriodTime (minutes) and CheckUpdateTime (seconds) in order-processor's configuration,,no,,proposed,"OrderProcessor/appsettings.json:14-17; OrderProcessor/Services/GracePeriodManagerService.cs:17, 50-52",
M60,S07,,,,Catalog API messages it failed to handle,Did Catalog API fail on a stock-check request?,application,requests,"catalog-api lines 'Error Processing message ""{Message}""' with the exception; read with az containerapp logs show --name catalog-api --resource-group <rg> --type console --tail 300 --format text (one replica per call; add --replica for the others)",errors,yes,,declared,EventBusRabbitMQ/RabbitMQEventBus.cs:170-180,
M61,S07,,,,Catalog API publish failures,Did Catalog API fail to send its stock answer?,application,events,catalog-api lines 'Error Publishing integration event: {IntegrationEventId} - ({@IntegrationEvent})'; read with az containerapp logs show --name catalog-api --resource-group <rg> --type console --tail 300 --format text (one replica per call; add --replica for the others),errors,yes,,declared,Catalog.API/IntegrationEvents/CatalogIntegrationEventService.cs:21-25,
M62,S07,,,,Catalog outbox rows by State,Was each stock answer written and sent?,application,events,"rows of ""IntegrationEventLog"" in catalogdb by ""State"" (0, 1, 3 unsent; 2 Published), with OrderId in ""Content""; in the postgres container (az containerapp exec --name postgres --resource-group <rg>) run psql -U postgres -d catalogdb",backlog,no,,proposed,Catalog.API/Infrastructure/Migrations/CatalogContextModelSnapshot.cs:145; Catalog.API/IntegrationEvents/CatalogIntegrationEventService.cs:11-40,
M63,S07,,,,Queue Catalog: messages waiting and consumers,Is Catalog API keeping up with its queue?,application,events,"rabbitmqctl list_queues name messages consumers, row Catalog; run in the eventbus container (az containerapp exec --name eventbus --resource-group <rg>)",saturation,yes,,declared,built into the broker; queue name Catalog.API/appsettings.json:22,
M64,S07,,,,"Catalog API rate, errors and duration",Is Catalog API answering?,application,requests,http.server.request.duration,duration,yes,,declared,"eShop.ServiceDefaults/Extensions.cs:61 (ASP.NET Core instrumentation; exported only when OTEL_EXPORTER_OTLP_ENDPOINT is set, :87-94)",
M70,S08,,,,Payment Processor messages it failed to handle,Did Payment Processor fail on a payment request?,application,requests,"payment-processor lines 'Error Processing message ""{Message}""' with the exception; read with az containerapp logs show --name payment-processor --resource-group <rg> --type console --tail 300 --format text (one replica per call; add --replica for the others)",errors,yes,,declared,EventBusRabbitMQ/RabbitMQEventBus.cs:170-180,
M71,S08,,,,Queue PaymentProcessor: messages waiting and consumers,Is Payment Processor keeping up?,application,events,"rabbitmqctl list_queues name messages consumers, row PaymentProcessor; run in the eventbus container (az containerapp exec --name eventbus --resource-group <rg>)",saturation,yes,,declared,built into the broker; queue name PaymentProcessor/appsettings.json:12,
M72,S08,,,,"Payment results published, by kind",Is a result published for each payment request?,application,events,payment-processor lines 'Publishing integration event: {IntegrationEventId} - ({@IntegrationEvent})' naming OrderPaymentSucceededIntegrationEvent or OrderPaymentFailedIntegrationEvent; read with az containerapp logs show --name payment-processor --resource-group <rg> --type console --tail 300 --format text (one replica per call; add --replica for the others),rate,yes,,declared,PaymentProcessor/IntegrationEvents/EventHandling/OrderStatusChangedToStockConfirmedIntegrationEventHandler.cs:30,
M73,S02,,,,"WebApp rate, errors, duration","Is WebApp answering, and how fast?",application,requests,http.server.request.duration,duration,yes,,declared,"eShop.ServiceDefaults/Extensions.cs:61 (ASP.NET Core instrumentation; exported only when OTEL_EXPORTER_OTLP_ENDPOINT is set, :87-94); WebApp/Program.cs:6",
M74,S09,,,,"Basket API rate, errors, duration","Is Basket API answering, and how fast?",application,requests,http.server.request.duration,duration,yes,,declared,"eShop.ServiceDefaults/Extensions.cs:61 (ASP.NET Core instrumentation; exported only when OTEL_EXPORTER_OTLP_ENDPOINT is set, :87-94); Basket.API/Program.cs:3 (basic defaults, which include it, eShop.ServiceDefaults/Extensions.cs:40-48)",
M75,S10,,,,"Identity API rate, errors, duration","Is Identity API answering, and how fast?",application,requests,http.server.request.duration,duration,yes,,declared,"eShop.ServiceDefaults/Extensions.cs:61 (ASP.NET Core instrumentation; exported only when OTEL_EXPORTER_OTLP_ENDPOINT is set, :87-94); Identity.API/Program.cs:3",
M76,S11,,,,"Webhooks API rate, errors, duration","Is Webhooks API answering, and how fast?",application,requests,http.server.request.duration,duration,yes,,declared,"eShop.ServiceDefaults/Extensions.cs:61 (ASP.NET Core instrumentation; exported only when OTEL_EXPORTER_OTLP_ENDPOINT is set, :87-94); Webhooks.API/Program.cs:3",
M77,S04,,,,Mobile BFF responses by route and status,Is the mobile gateway passing requests through?,application,requests,responses for /api/orders by status,errors,no,,proposed,eShop.AppHost/Extensions.cs:144-146; no instrumentation set in the repository,
M78,S03,,,,Mobile app order and cancel calls that fail,Do customers' mobile requests fail?,application,requests,failed calls seen by the app,errors,no,,proposed,"ClientApp/Services/Order/OrderService.cs:28-40, 83-110 (failures are not reported anywhere)",
M79,S18,,,,"Webhook posts by status, seen from Webhooks API",Do subscribers accept the posts?,application,requests,http.client.request.duration by status,errors,yes,,declared,eShop.ServiceDefaults/Extensions.cs:62 (HttpClient instrumentation); the sender does not read responses (Webhooks.API/Services/WebhooksSender.cs:32),
M7A,S01,11,,,Time from Paid to Shipped,How long do paid orders wait for a person to ship them?,business health,cases,"Shipped outbox row ""CreationTime"" minus Paid outbox row ""CreationTime""",cycle time,no,,proposed,"Ordering.Domain/AggregatesModel/OrderAggregate/Order.cs:119-140; measured, never paged: a person carries it",
M80,S12,,,,Connections to the postgres server against max_connections,Can the ordering database take more connections?,technology,resources,SELECT count(*) FROM pg_stat_activity; SHOW max_connections; in the postgres container (az containerapp exec --name postgres --resource-group <rg>) run psql -U postgres -d orderingdb,saturation,yes,,declared,built into PostgreSQL; database provisioned at eShop.AppHost/Program.cs:11-19,
M81,S12,,,,Ordering database accepting connections,Is the ordering database up?,technology,resources,pg_isready -d orderingdb; run in the postgres container (az containerapp exec --name postgres --resource-group <rg>),errors,no,,proposed,built into PostgreSQL; database provisioned at eShop.AppHost/Program.cs:11-19,
M82,S12,,,,Long-running statements on orderingdb,Is the ordering database slow?,technology,requests,SELECT count(*) FROM pg_stat_activity WHERE datname = 'orderingdb' AND state = 'active' AND now() - query_start > interval '5 seconds'; in the postgres container (az containerapp exec --name postgres --resource-group <rg>) run psql -U postgres -d orderingdb,duration,yes,,declared,built into PostgreSQL; database provisioned at eShop.AppHost/Program.cs:11-19,
M83,S13,,,,Catalog database accepting connections,Is the catalog database up?,technology,resources,pg_isready -d catalogdb; run in the postgres container (az containerapp exec --name postgres --resource-group <rg>),errors,no,,proposed,built into PostgreSQL; database provisioned at eShop.AppHost/Program.cs:11-19,
M84,S13,,,,Long-running statements on catalogdb,Is the catalog database slow?,technology,requests,as M82 with datname = 'catalogdb',duration,yes,,declared,built into PostgreSQL; database provisioned at eShop.AppHost/Program.cs:11-19,
M85,S13,,,,Connections to the postgres server from catalogdb,Can the catalog database take more connections?,technology,resources,"SELECT count(*) FROM pg_stat_activity WHERE datname = 'catalogdb', against SHOW max_connections; in the postgres container (az containerapp exec --name postgres --resource-group <rg>) run psql -U postgres -d catalogdb",saturation,yes,,declared,built into PostgreSQL; database provisioned at eShop.AppHost/Program.cs:11-19,
M86,S14,,,,Webhooks database accepting connections,Is the webhooks database up?,technology,resources,pg_isready -d webhooksdb; run in the postgres container (az containerapp exec --name postgres --resource-group <rg>),errors,no,,proposed,built into PostgreSQL; database provisioned at eShop.AppHost/Program.cs:11-19,
M87,S16,,,,Basket store reachable and memory used,Is the basket store up?,technology,resources,redis-cli PING; INFO memory,utilization,no,,proposed,eShop.AppHost/Program.cs:8,
M90,S15,,,,Broker running,Is the broker up?,technology,resources,rabbitmq-diagnostics -q ping; run in the eventbus container (az containerapp exec --name eventbus --resource-group <rg>),errors,no,,proposed,built into RabbitMQ; broker provisioned at eShop.AppHost/Program.cs:9-10; command named in https://www.rabbitmq.com/docs/monitoring,
M91,S15,,,,Broker resource alarms and headroom,Is the broker blocking publishers for lack of memory or disk?,technology,resources,rabbitmq-diagnostics check_local_alarms; memory and disk free against their watermarks in rabbitmqctl status; run in the eventbus container (az containerapp exec --name eventbus --resource-group <rg>),saturation,yes,,declared,built into RabbitMQ; broker provisioned at eShop.AppHost/Program.cs:9-10; command named in https://www.rabbitmq.com/docs/monitoring,
M92,S15,,,,Bindings on exchange eshop_event_bus,Does every event have a queue bound to receive it?,technology,resources,"rabbitmqctl list_bindings source_name destination_name routing_key, rows with source eshop_event_bus; run in the eventbus container (az containerapp exec --name eventbus --resource-group <rg>)",,yes,,declared,"built into RabbitMQ; broker provisioned at eShop.AppHost/Program.cs:9-10; bindings made by each consumer at start (EventBusRabbitMQ/RabbitMQEventBus.cs:20, 279-285)",
