subject_id,step,involvement,way,activity
S02,1,performs,web,"takes the checkout form and posts the order with a new x-requestid (WebApp/Components/Pages/Checkout/Checkout.razor:94, 111-116; WebApp/Services/BasketState.cs:78-107)"
S03,1,performs,mobile,posts the order from the mobile checkout (ClientApp/ViewModels/CheckoutViewModel.cs:105-131; ClientApp/Services/Order/OrderService.cs:28-40)
S04,1,performs,mobile,routes /api/orders to Ordering API (eShop.AppHost/Extensions.cs:144-146)
S09,1,performs,web,returns the basket lines that become the order's items (WebApp/Services/BasketState.cs:119-123)
S07,1,performs,web,returns each item's name and current price (WebApp/Services/BasketState.cs:132-143)
S05,1,performs,web; mobile,"writes the order in Submitted with buyer, payment method and outbox rows (Ordering.API/Application/Commands/CreateOrderCommandHandler.cs:29-51)"
S12,1,supports,web; mobile,"stores the order, buyer, payment method and outbox rows (Ordering.API/Application/Behaviors/TransactionBehavior.cs:32-53)"
S16,1,supports,web,holds the basket the order is built from (Basket.API/Repositories/RedisBasketRepository.cs:23-25)
S13,1,supports,web,"holds the items' names and prices (Catalog.API/Infrastructure/Migrations/CatalogContextModelSnapshot.cs:71, 82, 96; WebApp/Services/BasketState.cs:132)"
S10,1,supports,web; mobile,issues and signs the customer's token that Ordering API checks (eShop.ServiceDefaults/AuthenticationExtensions.cs:33-50)
S02,2,performs,web,deletes the basket after the order call (WebApp/Services/BasketState.cs:107-108)
S03,2,performs,mobile,clears its basket after the order call (ClientApp/ViewModels/CheckoutViewModel.cs:115)
S09,2,performs,web; mobile,deletes the basket on request and on OrderStartedIntegrationEvent (Basket.API/Grpc/BasketService.cs:59-67; Basket.API/IntegrationEvents/EventHandling/OrderStartedIntegrationEventHandler.cs:14)
S05,2,performs,web; mobile,writes OrderStartedIntegrationEvent with the order (Ordering.API/Application/Commands/CreateOrderCommandHandler.cs:31-33)
S16,2,supports,web; mobile,the basket key that is deleted (Basket.API/Repositories/RedisBasketRepository.cs:18-21)
S15,2,supports,web; mobile,carries OrderStartedIntegrationEvent to queue Basket (Basket.API/appsettings.json:21)
S06,3,performs,,selects Submitted orders past the grace period and publishes GracePeriodConfirmed for each (OrderProcessor/Services/GracePeriodManagerService.cs:43-62; OrderProcessor/Services/GracePeriodOrdersRepository.cs:24-28)
S05,3,performs,,sets AwaitingValidation and writes its outbox row (Ordering.API/Application/Commands/SetAwaitingValidationOrderStatusCommandHandler.cs:19-29; Ordering.Domain/AggregatesModel/OrderAggregate/Order.cs:99-106)
S12,3,supports,,answers the poll and stores the new status (OrderProcessor/Services/GracePeriodOrdersRepository.cs:22-38; Ordering.API/Application/Commands/SetAwaitingValidationOrderStatusCommandHandler.cs:27-28)
S15,3,supports,,carries GracePeriodConfirmedIntegrationEvent to queue Ordering (Ordering.API/Extensions/Extensions.cs:55)
S05,4,performs,,publishes the stock-check request from its outbox (Ordering.API/Application/IntegrationEvents/OrderingIntegrationEventService.cs:13-34); sets StockConfirmed after 10 seconds and writes its outbox row (Ordering.API/Application/Commands/SetStockConfirmedOrderStatusCommandHandler.cs:19-32)
S07,4,performs,,checks AvailableStock for each item and answers through its outbox (Catalog.API/IntegrationEvents/EventHandling/OrderStatusChangedToAwaitingValidationIntegrationEventHandler.cs:9-33)
S12,4,supports,,"holds the order's status and the outbox rows (Ordering.Infrastructure/Migrations/OrderingContextModelSnapshot.cs:40-66, 166-169)"
S13,4,supports,,holds AvailableStock read by the check; a stale figure makes the check wrong (Catalog.API/IntegrationEvents/EventHandling/OrderStatusChangedToAwaitingValidationIntegrationEventHandler.cs:17-20)
S15,4,supports,,carries the request to queue Catalog and the answer to queue Ordering (Catalog.API/Extensions/Extensions.cs:32; Ordering.API/Extensions/Extensions.cs:56-57)
S05,5,performs,,publishes the stock-check request from its outbox (Ordering.API/Application/IntegrationEvents/OrderingIntegrationEventService.cs:13-34); sets Cancelled after 10 seconds with the out-of-stock products named (Ordering.API/Application/Commands/SetStockRejectedOrderStatusCommandHandler.cs:19-33)
S07,5,performs,,checks AvailableStock for each item and answers through its outbox (Catalog.API/IntegrationEvents/EventHandling/OrderStatusChangedToAwaitingValidationIntegrationEventHandler.cs:9-33)
S12,5,supports,,"holds the order's status and the outbox rows (Ordering.Infrastructure/Migrations/OrderingContextModelSnapshot.cs:40-66, 166-169)"
S13,5,supports,,holds AvailableStock read by the check; a stale figure makes the check wrong (Catalog.API/IntegrationEvents/EventHandling/OrderStatusChangedToAwaitingValidationIntegrationEventHandler.cs:17-20)
S15,5,supports,,carries the request to queue Catalog and the answer to queue Ordering (Catalog.API/Extensions/Extensions.cs:32; Ordering.API/Extensions/Extensions.cs:56-57)
S05,6,performs,,publishes the payment request from its outbox (Ordering.API/Application/IntegrationEvents/OrderingIntegrationEventService.cs:13-34); sets Paid after 10 seconds and writes its outbox row (Ordering.API/Application/Commands/SetPaidOrderStatusCommandHandler.cs:19-32)
S08,6,performs,,decides the payment from PaymentOptions:PaymentSucceeded and publishes the result (PaymentProcessor/IntegrationEvents/EventHandling/OrderStatusChangedToStockConfirmedIntegrationEventHandler.cs:9-33)
S12,6,supports,,"holds the order's status and the outbox rows (Ordering.Infrastructure/Migrations/OrderingContextModelSnapshot.cs:40-66, 166-169)"
S15,6,supports,,carries the request to queue PaymentProcessor and the result to queue Ordering (PaymentProcessor/Program.cs:5-6; Ordering.API/Extensions/Extensions.cs:58-59)
S05,7,performs,,publishes the payment request from its outbox (Ordering.API/Application/IntegrationEvents/OrderingIntegrationEventService.cs:13-34); cancels the order and writes its outbox row (Ordering.API/Application/Commands/CancelOrderCommandHandler.cs:19-29)
S08,7,performs,,decides the payment from PaymentOptions:PaymentSucceeded and publishes the result (PaymentProcessor/IntegrationEvents/EventHandling/OrderStatusChangedToStockConfirmedIntegrationEventHandler.cs:9-33)
S12,7,supports,,"holds the order's status and the outbox rows (Ordering.Infrastructure/Migrations/OrderingContextModelSnapshot.cs:40-66, 166-169)"
S15,7,supports,,carries the request to queue PaymentProcessor and the result to queue Ordering (PaymentProcessor/Program.cs:5-6; Ordering.API/Extensions/Extensions.cs:58-59)
S03,8,performs,,sends the customer's cancel request (ClientApp/Services/Order/OrderService.cs:83-110)
S04,8,performs,,routes it to Ordering API (eShop.AppHost/Extensions.cs:144-146)
S05,8,performs,,cancels the order if not Paid or Shipped (Ordering.API/Apis/OrdersApi.cs:22-49; Ordering.Domain/AggregatesModel/OrderAggregate/Order.cs:142-153)
S12,8,supports,,stores the cancellation (Ordering.API/Application/Commands/CancelOrderCommandHandler.cs:27-28)
S10,8,supports,,the customer's token Ordering API checks (Ordering.API/Program.cs:21-22)
S05,9,performs,,publishes OrderStatusChangedToPaidIntegrationEvent with the items (Ordering.API/Application/DomainEventHandlers/OrderStatusChangedToPaidDomainEventHandler.cs:22-40)
S07,9,performs,,removes each item's units from stock (Catalog.API/IntegrationEvents/EventHandling/OrderStatusChangedToPaidIntegrationEventHandler.cs:8-21)
S12,9,supports,,holds the outbox row (Ordering.Infrastructure/Migrations/OrderingContextModelSnapshot.cs:40-66)
S13,9,supports,,holds the stock figures reduced (Catalog.API/IntegrationEvents/EventHandling/OrderStatusChangedToPaidIntegrationEventHandler.cs:20)
S15,9,supports,,carries the event to queue Catalog (Catalog.API/Extensions/Extensions.cs:33)
S05,10,performs,,publishes the paid event from its outbox (Ordering.API/Application/IntegrationEvents/OrderingIntegrationEventService.cs:13-34)
S11,10,performs,,posts the event to each subscription of its type (Webhooks.API/IntegrationEvents/OrderStatusChangedToPaidIntegrationEventHandler.cs:8-17)
S14,10,supports,,holds the subscriptions (Webhooks.API/Services/WebhooksRetriever.cs:5-8)
S15,10,supports,,carries the event to queue Webhooks (Webhooks.API/Extensions/Extensions.cs:22-23)
S18,10,supports,,receives the post (Webhooks.API/Services/WebhooksSender.cs:13-33)
S05,12,performs,,publishes the shipped event from its outbox (Ordering.API/Application/IntegrationEvents/OrderingIntegrationEventService.cs:13-34)
S11,12,performs,,posts the event to each subscription of its type (Webhooks.API/IntegrationEvents/OrderStatusChangedToShippedIntegrationEventHandler.cs:8-17)
S14,12,supports,,holds the subscriptions (Webhooks.API/Services/WebhooksRetriever.cs:5-8)
S15,12,supports,,carries the event to queue Webhooks (Webhooks.API/Extensions/Extensions.cs:22-23)
S18,12,supports,,receives the post (Webhooks.API/Services/WebhooksSender.cs:13-33)
S17,11,performs,,"ships the goods and records it by calling PUT /api/orders/ship (Ordering.API/Apis/OrdersApi.cs:12, 51-78)"
S05,11,performs,,sets Shipped if the order is Paid (Ordering.Domain/AggregatesModel/OrderAggregate/Order.cs:130-140)
S12,11,supports,,stores the status (Ordering.API/Application/Commands/ShipOrderCommandHandler.cs:19-29)
S10,11,supports,,the caller's token Ordering API checks (Ordering.API/Program.cs:21-22)
