remedy,kind,action,expected,if_different,needs_approval,source
R1,re-drive,"First clear the cause the test found (its part restored, or its owner engaged through §7). Then list the orders still held once queues Ordering, Catalog and PaymentProcessor have drained (M45, M63, M71): in the postgres container (az containerapp exec --name postgres --resource-group <rg>) run psql -U postgres -d orderingdb, then: SELECT ""Id"", ""OrderStatus"" FROM ordering.orders WHERE ""OrderStatus"" IN ('AwaitingValidation','StockConfirmed') AND now() - ""OrderDate"" > interval '2 minutes'; and send them back to the start of the stage: UPDATE ordering.orders SET ""OrderStatus"" = 'Submitted' WHERE ""Id"" IN (<ids>) AND ""OrderStatus"" IN ('AwaitingValidation','StockConfirmed');","Within about 30 seconds Order Processor logs 'Publishing integration event:' for each id, the orders reach AwaitingValidation, and about 20 seconds later Paid or Cancelled; M13 falls",Orders still in Submitted after a minute: work the Submitted branch. Otherwise escalate (§7),yes,"Safe because the poll takes any Submitted order older than the grace period and ""OrderDate"" is unchanged (OrderProcessor/Services/GracePeriodOrdersRepository.cs:24-28); each setter acts only from its expected state, so a late original answer is ignored (Ordering.Domain/AggregatesModel/OrderAggregate/Order.cs:101, 110, 121); the stock check reserves nothing (Catalog.API/IntegrationEvents/EventHandling/OrderStatusChangedToPaidIntegrationEventHandler.cs:12; Catalog.API/IntegrationEvents/EventHandling/OrderStatusChangedToAwaitingValidationIntegrationEventHandler.cs:15-25); payment is the stateless simulated setting (PaymentProcessor/IntegrationEvents/EventHandling/OrderStatusChangedToStockConfirmedIntegrationEventHandler.cs:21-28). A late payment-failed answer still cancels the order (Ordering.Domain/AggregatesModel/OrderAggregate/Order.cs:142-153), which matches its result. With a real payment gateway in its place, sending a StockConfirmed order round again could take payment twice"
R2,restore,"az containerapp revision restart --name order-processor --resource-group <rg> --revision <its active revision, from az containerapp revision list --name order-processor --resource-group <rg>>",order-processor logs 'Publishing integration event:' within 30 seconds for each Submitted order past 1 minute; M13's Submitted count falls,"If it ends again, read the exception it ends with and escalate (§7)",,OrderProcessor/Services/GracePeriodManagerService.cs:15-41 (the loop starts with the service)
R3,restore,"Restart the service whose queue has no consumer or binding (ordering-api, catalog-api or payment-processor): az containerapp revision restart --name <service> --resource-group <rg> --revision <its active revision, from az containerapp revision list>","rabbitmqctl list_queues shows consumers 1 or more on its queue, list_bindings shows its routing keys, and waiting messages drain","If its log shows 'Error starting RabbitMQ connection' again, the broker is the cause: R4",,"EventBusRabbitMQ/RabbitMQEventBus.cs:226-295 (queue, consumer and bindings are set up once, at start)"
R4,restore,"Have the broker's owner bring eventbus back, checking first where its data lives (the AppHost declares no data volume: eShop.AppHost/Program.cs:9-10); then restart each service whose log shows 'Error starting RabbitMQ connection' (R3); then re-drive orders left in AwaitingValidation or StockConfirmed (R1)","rabbitmq-diagnostics -q ping, run in the eventbus container, succeeds and every queue has a consumer",Escalate (§7),yes,eShop.AppHost/Program.cs:9-10; EventBusRabbitMQ/RabbitMQEventBus.cs:226-295
R5,restore,"Have the database owner bring the postgres server back to accepting connections, checking first where its data lives (no data volume is declared: eShop.AppHost/Program.cs:11-14). All four databases share it (eShop.AppHost/Program.cs:16-19)","pg_isready -d orderingdb, run in the postgres container, answers accepting connections, and order-processor stops logging 'Error querying confirmed grace period orders'","If pg_isready answers accepting connections and order-processor still logs the error, the fault is Order Processor's own connection (its orderingdb connection string or credentials, OrderProcessor/Extensions/Extensions.cs:13): escalate to its owner (§7)",yes,eShop.AppHost/Program.cs:11-19; OrderProcessor/Services/GracePeriodOrdersRepository.cs:41-45
R6,restore,"Add replicas to the slow consumer: az containerapp update --name <ordering-api, catalog-api or payment-processor> --resource-group <rg> --min-replicas <n>. Each replica adds one consumer on the same queue",The queue's messages fall between two readings a minute apart,Escalate (§7),yes,EventBusRabbitMQ/RabbitMQEventBus.cs:258-277 (each instance declares the shared queue and consumes from it)
R7,roll back,"Through the change-approval path, set BackgroundTaskOptions:GracePeriodTime back to 1 and CheckUpdateTime to 30 for order-processor, then restart it (R2)","Submitted orders leave within about 1.5 minutes of ""OrderDate""",Escalate (§7),yes,OrderProcessor/appsettings.json:14-17
R8,do not,"Do not set ""OrderStatus"" straight to 'StockConfirmed', 'Paid' or 'Cancelled' by SQL: the events are raised only inside the setters, so no outbox row is written and nothing after it happens (payment, stock reduction, notifications)",,,,Ordering.Domain/AggregatesModel/OrderAggregate/Order.cs:108-153
R9,do not,"Do not set an outbox row's ""State"" back to 0 to have it sent: nothing reads unsent rows after the request that wrote them",,,,IntegrationEventLogEF/Services/IntegrationEventLogService.cs:19-23; Ordering.API/Application/IntegrationEvents/OrderingIntegrationEventService.cs:13-15
R10,do not,"Do not look for failed messages to replay: a consumer acknowledges a message it failed on, and no dead-letter queue exists",,,,EventBusRabbitMQ/RabbitMQEventBus.cs:170-180
R11,do not,Do not restart order-processor to move orders held in AwaitingValidation or StockConfirmed: the poll selects only Submitted,,,,OrderProcessor/Services/GracePeriodOrdersRepository.cs:27
R12,do not,"Do not restart the postgres or eventbus container apps as a first move: no data volume is declared for either, so find out where their data lives first",,,,eShop.AppHost/Program.cs:8-14
