step,stage,name,business_subject,qualifier,right_outcome,source
1,ST1,The order is placed,S01,stub: the web way sends a fixed test card (WebApp/Services/BasketState.cs:100-103),"proposed: an ordering.orders row in Submitted with one orderItems row per basket line at the catalogue price, the delivery address, and BuyerId and PaymentMethodId set",L01; Ordering.API/Application/Commands/CreateOrderCommandHandler.cs:40-51
2,ST1,The customer's basket is emptied,S01,,proposed: the buyer's basket is gone once the order exists,L02; WebApp/Services/BasketState.cs:107-108
3,ST2,The order is released for stock checking when the grace period ends,S01,,"proposed: AwaitingValidation within 1.5 minutes of ""OrderDate"", with its OrderStatusChangedToAwaitingValidation outbox row at State 2 (Published)",L03; OrderProcessor/Services/GracePeriodManagerService.cs:43-62; OrderProcessor/Services/GracePeriodOrdersRepository.cs:27
4,ST2,Stock is confirmed for every item of the order,S01,"partial: stock is checked, not reserved, so two orders can both be confirmed for the last unit (Catalog.API/IntegrationEvents/EventHandling/OrderStatusChangedToPaidIntegrationEventHandler.cs:12)",proposed: StockConfirmed only when every ordered product is in the catalogue with AvailableStock of at least its units; Description 'All the items were confirmed with available stock.',L04; Catalog.API/IntegrationEvents/EventHandling/OrderStatusChangedToAwaitingValidationIntegrationEventHandler.cs:15-29; Ordering.Domain/AggregatesModel/OrderAggregate/Order.cs:115
5,ST2,The order is cancelled because an item is out of stock,S01,,"proposed: Cancelled, with Description naming the products without stock",L05; Ordering.Domain/AggregatesModel/OrderAggregate/Order.cs:155-168
6,ST2,Payment is taken for the order,S01,stub: the setting PaymentOptions:PaymentSucceeded stands in for a payment gateway (PaymentProcessor/IntegrationEvents/EventHandling/OrderStatusChangedToStockConfirmedIntegrationEventHandler.cs:15-28),"proposed: Paid, with the order total taken once from the buyer's payment method",L06; PaymentProcessor/IntegrationEvents/EventHandling/OrderStatusChangedToStockConfirmedIntegrationEventHandler.cs:9-33
7,ST2,The order is cancelled because payment failed,S01,stub: payment fails only when the setting PaymentOptions:PaymentSucceeded is false (PaymentProcessor/IntegrationEvents/EventHandling/OrderStatusChangedToStockConfirmedIntegrationEventHandler.cs:21-28),"proposed: Cancelled, with no payment taken",L07; PaymentProcessor/IntegrationEvents/EventHandling/OrderStatusChangedToStockConfirmedIntegrationEventHandler.cs:21-28
8,ST2,The order is cancelled at the customer's request,S01,"partial: only the mobile app offers it, and it ships with mock services on (ClientApp/Services/Settings/SettingsService.cs:25); a payment already in flight is not stopped (Ordering.Domain/AggregatesModel/OrderAggregate/Order.cs:121)",proposed: Cancelled before any payment is taken,L08; L09; L10; ClientApp/Services/Order/OrderService.cs:83-110
9,ST3,Stock is reduced by the order's units,S01,,proposed: each item's AvailableStock reduced by its units,L11; Catalog.API/IntegrationEvents/EventHandling/OrderStatusChangedToPaidIntegrationEventHandler.cs:8-21
10,ST3,Webhook subscribers are told the order is paid,S01,,"proposed: one post to each OrderPaid subscription, carrying the order's id and items",L12; Webhooks.API/IntegrationEvents/OrderStatusChangedToPaidIntegrationEventHandler.cs:8-17
11,ST3,The order is shipped,S01,partial: nothing in the application calls the ship endpoint; a person must call it with their own client,proposed: Shipped once the goods have left,L13; Ordering.API/Apis/OrdersApi.cs:51-78
12,ST4,Webhook subscribers are told the order is shipped,S01,,proposed: one post to each OrderShipped subscription,L14; Webhooks.API/IntegrationEvents/OrderStatusChangedToShippedIntegrationEventHandler.cs:8-17
13,ST4,The order is delivered to the customer,S01,,proposed: the customer has the goods,"reference model: SCOR 12.0's Deliver process covers providing finished goods to meet demand, typically including transportation and distribution management (secondary source: https://en.wikipedia.org/wiki/Supply_chain_operations_reference); no lifecycle row carries it, and the code records nothing after Shipped (Ordering.Domain/AggregatesModel/OrderAggregate/OrderStatus.cs:12)"
