step,impact_category,unit,recovery,cause,note
1,customer,checkouts that emptied the basket and created no order,not created,,"Ordering API answers 200 even when the order was not written (Ordering.API/Apis/OrdersApi.cs:155-166), and the WebApp empties the basket without reading the answer (WebApp/Services/OrderingService.cs:12-18; WebApp/Services/BasketState.cs:107-108)"
2,customer,baskets still holding items already ordered,,,Both deletes failed; the customer may order the items twice (WebApp/Services/BasketState.cs:107-108; Basket.API/IntegrationEvents/EventHandling/OrderStartedIntegrationEventHandler.cs:14)
3,customer,orders held in Submitted past the grace period,moves on,,Every poll publishes again for orders still Submitted (OrderProcessor/Services/GracePeriodManagerService.cs:54-61)
4,customer,orders stranded in AwaitingValidation,stranded,,A lost or failed message is not sent again; nothing polls AwaitingValidation (EventBusRabbitMQ/RabbitMQEventBus.cs:170-180; OrderProcessor/Services/GracePeriodOrdersRepository.cs:27)
4,customer,orders confirmed with an item the catalogue does not hold,,S07,"The check skips a product it cannot find, so the order is confirmed (Catalog.API/IntegrationEvents/EventHandling/OrderStatusChangedToAwaitingValidationIntegrationEventHandler.cs:17-24)"
5,customer,orders stranded in AwaitingValidation after their stock was rejected,stranded,,Same mechanism as step 4 (EventBusRabbitMQ/RabbitMQEventBus.cs:170-180)
6,customer,"orders stranded in StockConfirmed, not paid",stranded,,A lost payment request or result is not sent again (PaymentProcessor/IntegrationEvents/EventHandling/OrderStatusChangedToStockConfirmedIntegrationEventHandler.cs:32; EventBusRabbitMQ/RabbitMQEventBus.cs:170-180)
6,financial,order totals not collected for orders stranded in StockConfirmed,stranded,,Value blocked: the order total (Ordering.Domain/AggregatesModel/OrderAggregate/Order.cs:185) is not taken while the order waits
7,customer,orders stranded in StockConfirmed after a failed payment,stranded,,Same mechanism as step 6 (EventBusRabbitMQ/RabbitMQEventBus.cs:170-180)
8,customer,"cancel requests that fail, so the order goes ahead",,,The customer gets an error and must try again (Ordering.API/Apis/OrdersApi.cs:41-46). A cancel that lands while payment is in flight leaves the order Cancelled and the payment result ignored (Ordering.Domain/AggregatesModel/OrderAggregate/Order.cs:121); with a real gateway that would be money taken for a cancelled order
9,operational-efficiency,paid orders whose stock was not reduced,,S07,Later stock checks confirm against stock already sold (Catalog.API/Model/CatalogItem.cs:64-67; Catalog.API/IntegrationEvents/EventHandling/OrderStatusChangedToPaidIntegrationEventHandler.cs:13-20)
10,customer,paid orders whose subscribers were not told,,,"Retried up to 3 times on a transient failure by the standard resilience handler (Webhooks.API/Program.cs:3), then not sent again; response not read (Webhooks.API/Services/WebhooksSender.cs:13-33)"
11,customer,paid orders waiting to ship,stranded,,Nothing moves a Paid order but a person's call (Ordering.API/Apis/OrdersApi.cs:12)
