subject_id,kind,band,level,part_kind,name,owner,owner_as_of,responder,responder_as_of,from_id,to_id,step_hint,sequence,part_of,map_link,carries_case_id,source
S01,element,business,,case,Order,,,,,,,,,,,"yes: ""Id"" (Ordering.Infrastructure/EntityConfigurations/OrderEntityTypeConfiguration.cs:11-12)",ordering.orders (Ordering.Infrastructure/EntityConfigurations/OrderEntityTypeConfiguration.cs:7; Ordering.Infrastructure/Migrations/OrderingContextModelSnapshot.cs:155-189)
S02,element,application,component,web front end,WebApp,"proposed: the team that deploys the eShop AppHost, which ships every service and store together (eShop.AppHost/Program.cs:1-104); no source names a team",2026-10-08,proposed: that team's on-call; no source names one,2026-10-08,,,,,,,"partly: sends the basket and buyer but never receives the new order's id, because POST /api/orders answers with no body (Ordering.API/Apis/OrdersApi.cs:166); lists orders by id afterwards (Ordering.API/Application/Queries/OrderQueries.cs:37-49)",eShop.AppHost/Program.cs:70-78; WebApp/Services/BasketState.cs:78-109
S03,element,application,component,web front end,ClientApp,"proposed: the team that builds and distributes the mobile app, which the AppHost does not deploy (eShop.AppHost/Program.cs:1-104 has no project for it); no source names a team",2026-10-08,proposed: that team's on-call; no source names one,2026-10-08,,,,,,,partly: like WebApp at creation; the cancel request carries the order number (ClientApp/Services/Order/OrderService.cs:83-100),"nearest kind: a mobile app front end (.NET MAUI, src/ClientApp), distributed apart from the AppHost and reaching it through Mobile BFF (ClientApp/Services/Order/OrderService.cs:28-40, 83-110)"
S04,element,application,component,gateway,Mobile BFF,"proposed: the team that deploys the eShop AppHost, which ships every service and store together (eShop.AppHost/Program.cs:1-104); no source names a team",2026-10-08,proposed: that team's on-call; no source names one,2026-10-08,,,,,,,"partly: passes requests through; the order id is in the cancel request's body and in the order-detail read's path (ClientApp/Services/Order/OrderService.cs:70, 92-100)","YARP reverse proxy 'mobile-bff' (eShop.AppHost/Program.cs:61-63; eShop.AppHost/Extensions.cs:87-152, orders route at :144-146)"
S05,element,application,component,API service,Ordering API,"proposed: the team that deploys the eShop AppHost, which ships every service and store together (eShop.AppHost/Program.cs:1-104); no source names a team",2026-10-08,proposed: that team's on-call; no source names one,2026-10-08,,,,,,,"partly: every command names the order except CreateOrderCommand and CreateOrderDraftCommand, made before it exists (Ordering.API/Application/Commands/CreateOrderCommand.cs:16-59; Ordering.API/Application/Commands/CreateOrderDraftCommand.cs:4); every order integration event carries OrderId except OrderStartedIntegrationEvent, which carries only the user id (Ordering.API/Application/IntegrationEvents/Events/OrderStartedIntegrationEvent.cs:6-12; Ordering.API/Application/Commands/CreateOrderCommandHandler.cs:32)",eShop.AppHost/Program.cs:41-45; Ordering.API/Extensions/Extensions.cs:5-60
S06,element,application,component,worker,Order Processor,"proposed: the team that deploys the eShop AppHost, which ships every service and store together (eShop.AppHost/Program.cs:1-104); no source names a team",2026-10-08,proposed: that team's on-call; no source names one,2026-10-08,,,,,,,"yes: selects orders by ""Id"" and publishes OrderId (OrderProcessor/Services/GracePeriodOrdersRepository.cs:25; OrderProcessor/Services/GracePeriodManagerService.cs:50-61)",polling worker 'order-processor' (eShop.AppHost/Program.cs:47-50; OrderProcessor/Services/GracePeriodManagerService.cs:7-64)
S07,element,application,component,API service,Catalog API,"proposed: the team that deploys the eShop AppHost, which ships every service and store together (eShop.AppHost/Program.cs:1-104); no source names a team",2026-10-08,proposed: that team's on-call; no source names one,2026-10-08,,,,,,,yes: OrderId in from the stock-check event and out in its answer (Catalog.API/IntegrationEvents/EventHandling/OrderStatusChangedToAwaitingValidationIntegrationEventHandler.cs:27-29); not on stock rows,eShop.AppHost/Program.cs:37-39; Catalog.API/Extensions/Extensions.cs:30-33
S08,element,application,component,message consumer,Payment Processor,"proposed: the team that deploys the eShop AppHost, which ships every service and store together (eShop.AppHost/Program.cs:1-104); no source names a team",2026-10-08,proposed: that team's on-call; no source names one,2026-10-08,,,,,,,"yes: OrderId in and out (PaymentProcessor/IntegrationEvents/EventHandling/OrderStatusChangedToStockConfirmedIntegrationEventHandler.cs:23, 27)",eShop.AppHost/Program.cs:52-53; PaymentProcessor/Program.cs:5-6
S09,element,application,component,API service,Basket API,"proposed: the team that deploys the eShop AppHost, which ships every service and store together (eShop.AppHost/Program.cs:1-104); no source names a team",2026-10-08,proposed: that team's on-call; no source names one,2026-10-08,,,,,,,no: OrderStartedIntegrationEvent carries only the user id (Ordering.API/Application/Commands/CreateOrderCommandHandler.cs:32); baskets are keyed by buyer,eShop.AppHost/Program.cs:31-35; Basket.API/IntegrationEvents/EventHandling/OrderStartedIntegrationEventHandler.cs:10-15
S10,element,application,component,identity provider,Identity API,"proposed: the team that deploys the eShop AppHost, which ships every service and store together (eShop.AppHost/Program.cs:1-104); no source names a team",2026-10-08,proposed: that team's on-call; no source names one,2026-10-08,,,,,,,"no: tokens identify the customer, not the order",eShop.AppHost/Program.cs:24-29; Ordering API validates its tokens (eShop.ServiceDefaults/AuthenticationExtensions.cs:33-50; Ordering.API/Program.cs:21-22)
S11,element,application,component,API service,Webhooks API,"proposed: the team that deploys the eShop AppHost, which ships every service and store together (eShop.AppHost/Program.cs:1-104); no source names a team",2026-10-08,proposed: that team's on-call; no source names one,2026-10-08,,,,,,,"yes: posts the event, which carries OrderId",eShop.AppHost/Program.cs:55-58; Webhooks.API/Extensions/Extensions.cs:22-23
S12,element,technology,component,database,Ordering database,"proposed: the team that deploys the eShop AppHost, which ships every service and store together (eShop.AppHost/Program.cs:1-104); no source names a team",2026-10-08,proposed: that team's on-call; no source names one,2026-10-08,,,,,,,"yes: ordering.orders ""Id""; OrderId inside the outbox ""Content"" JSON (Ordering.Infrastructure/Migrations/OrderingContextModelSnapshot.cs:44, 157)",orderingdb on the shared postgres server (eShop.AppHost/Program.cs:11-19); schema ordering (Ordering.Infrastructure/OrderingContext.cs:37)
S13,element,technology,component,database,Catalog database,"proposed: the team that deploys the eShop AppHost, which ships every service and store together (eShop.AppHost/Program.cs:1-104); no source names a team",2026-10-08,proposed: that team's on-call; no source names one,2026-10-08,,,,,,,"partly: only inside its outbox ""Content"" JSON; stock rows hold no order","catalogdb on the same postgres server (eShop.AppHost/Program.cs:11-16); tables ""Catalog"" and ""IntegrationEventLog"" (Catalog.API/Infrastructure/Migrations/CatalogContextModelSnapshot.cs:96, 145)"
S14,element,technology,component,database,Webhooks database,"proposed: the team that deploys the eShop AppHost, which ships every service and store together (eShop.AppHost/Program.cs:1-104); no source names a team",2026-10-08,proposed: that team's on-call; no source names one,2026-10-08,,,,,,,no: subscriptions hold no order,"webhooksdb on the same postgres server (eShop.AppHost/Program.cs:19, 55-58)"
S15,element,technology,component,message broker,Event bus,"proposed: the team that deploys the eShop AppHost, which ships every service and store together (eShop.AppHost/Program.cs:1-104); no source names a team",2026-10-08,proposed: that team's on-call; no source names one,2026-10-08,,,,,,,yes: OrderId in the message bodies; no order header,"RabbitMQ 'eventbus', persistent container (eShop.AppHost/Program.cs:9-10); direct exchange eshop_event_bus, one durable queue per service (EventBusRabbitMQ/RabbitMQEventBus.cs:20, 254-263)"
S16,element,technology,component,cache,Basket store,"proposed: the team that deploys the eShop AppHost, which ships every service and store together (eShop.AppHost/Program.cs:1-104); no source names a team",2026-10-08,proposed: that team's on-call; no source names one,2026-10-08,,,,,,,no: keyed by buyer (Basket.API/Repositories/RedisBasketRepository.cs:16),"Redis 'redis' (eShop.AppHost/Program.cs:8, 35)"
S17,element,business,,person,Fulfilment staff,,,,,,,,,,,yes: the ship request names the order number,"proposed: whoever ships the goods calls PUT /api/orders/ship (Ordering.API/Apis/OrdersApi.cs:12, 51-78); no front end in the repository calls it"
S18,element,application,external dependency,third-party API,Webhook subscriber endpoint,proposed: each subscriber; no source names one,2026-10-08,proposed: each subscriber,2026-10-08,,,,,,,yes: receives the event with OrderId,Any URL a subscriber registered; posted to once per event (Webhooks.API/Services/WebhooksSender.cs:5-33)
R01,relationship,application,,interaction,,,,,,S02,S09,1; 2,,,,,"gRPC basket read at checkout and delete after the order call (WebApp/Services/BasketState.cs:19, 107-108, 119-123); no strict order: the read may come from the page's cache"
R02,relationship,application,,interaction,,,,,,S02,S07,1,,,,,catalogue items' names and prices for the basket lines (WebApp/Services/BasketState.cs:119-132); no strict order: made only when the basket is not cached
R03,relationship,application,,interaction,,,,,,S02,S05,1,,,,,POST /api/orders (WebApp/Services/OrderingService.cs:12-18); no strict order: one of two ways
R04,relationship,application,,interaction,,,,,,S03,S04,1; 8,8:1,,,,"POST and PUT /api/orders/cancel from the mobile app (ClientApp/Services/Order/OrderService.cs:28-40, 83-110)"
R05,relationship,application,,interaction,,,,,,S04,S05,1; 8,8:2,,,,route /api/orders/{*any} to Ordering API (eShop.AppHost/Extensions.cs:144-146)
R06,relationship,technology,,interaction,,,,,,S05,S12,1; 3; 4; 5; 6; 7; 8; 11,8:3,,,,"order, buyer, status and outbox writes in one transaction (Ordering.API/Application/Behaviors/TransactionBehavior.cs:32-53; Ordering.Infrastructure/OrderingContext.cs:47-61)"
R07,relationship,technology,,interaction,,,,,,S09,S16,1; 2,,,,,basket read and delete (Basket.API/Repositories/RedisBasketRepository.cs:18-25); no strict order: per call
R08,relationship,technology,,interaction,,,,,,S07,S13,1; 4; 5; 9,,,,,item lookups per order line and outbox write (Catalog.API/IntegrationEvents/EventHandling/OrderStatusChangedToAwaitingValidationIntegrationEventHandler.cs:15-31; Catalog.API/IntegrationEvents/EventHandling/OrderStatusChangedToPaidIntegrationEventHandler.cs:13-20); no strict order: repeated per item
R09,relationship,application,,interaction,,,,,,S05,S10,1; 8; 11,,,,,token validation keys fetched by the JWT handler from its Authority (eShop.ServiceDefaults/AuthenticationExtensions.cs:33-38); no strict order: not made on every request
R10,relationship,application,,interaction,,,,,,S03,S09,2,,,,,"mobile app clears its basket by gRPC (ClientApp/Services/Basket/BasketService.cs:99, 125)"
R11,relationship,technology,,interaction,,,,,,S05,S15,2; 4; 5; 6; 7; 9; 10; 12,,,,,outbox events published after commit (Ordering.API/Application/IntegrationEvents/OrderingIntegrationEventService.cs:13-34; EventBusRabbitMQ/RabbitMQEventBus.cs:31-111); no strict order: not waited for by the next consumer
R12,relationship,technology,,interaction,,,,,,S06,S12,3,,,,,poll query (OrderProcessor/Services/GracePeriodOrdersRepository.cs:22-38)
R13,relationship,technology,,interaction,,,,,,S06,S15,3,,,,,"GracePeriodConfirmedIntegrationEvent publish, once per order per run (OrderProcessor/Services/GracePeriodManagerService.cs:54-61); no strict order: repeated per order"
R14,relationship,technology,,interaction,,,,,,S15,S05,3; 4; 5; 6; 7,,,,,deliveries to queue Ordering (Ordering.API/appsettings.json:27; Ordering.API/Extensions/Extensions.cs:55-59); no strict order: messages are not waited for
R15,relationship,technology,,interaction,,,,,,S15,S07,4; 5; 9,,,,,deliveries to queue Catalog (Catalog.API/appsettings.json:22; Catalog.API/Extensions/Extensions.cs:32-33)
R16,relationship,technology,,interaction,,,,,,S07,S15,4; 5,,,,,stock answer published (Catalog.API/IntegrationEvents/CatalogIntegrationEventService.cs:11-26)
R17,relationship,technology,,interaction,,,,,,S15,S08,6; 7,,,,,deliveries to queue PaymentProcessor (PaymentProcessor/appsettings.json:12)
R18,relationship,technology,,interaction,,,,,,S08,S15,6; 7,,,,,"payment result published, no outbox (PaymentProcessor/IntegrationEvents/EventHandling/OrderStatusChangedToStockConfirmedIntegrationEventHandler.cs:30-32)"
R19,relationship,technology,,interaction,,,,,,S15,S09,2,,,,,OrderStartedIntegrationEvent to queue Basket (Basket.API/appsettings.json:21)
R20,relationship,technology,,interaction,,,,,,S15,S11,10; 12,,,,,paid and shipped events to queue Webhooks (Webhooks.API/appsettings.json:27)
R21,relationship,technology,,interaction,,,,,,S11,S14,10; 12,,,,,subscriptions read (Webhooks.API/Services/WebhooksRetriever.cs:5-8)
R22,relationship,application,,interaction,,,,,,S11,S18,10; 12,,,,,POST to each subscriber URL (Webhooks.API/Services/WebhooksSender.cs:5-33); no strict order: made in parallel per subscriber
R23,relationship,application,,interaction,,,,,,S17,S05,11,,,,,"PUT /api/orders/ship from a client not in the repository (Ordering.API/Apis/OrdersApi.cs:12, 51-78)"
