pass,step,name,went_in,came_out,done_by,note
1,0,Before you start: read the code,dotnet/eShop at commit b4a4087 with a service map of the AppHost's deployables,"the extractor's routes, calls and service map",tool,"the design-for-operations fact extractor: routes, calls and the service map, but zero C# emission sites, so log lines were found by grep. A keyword sweep over src/ stood in for a source inventory"
1,1,Name the capability and the system,"the business's words in the code (ChatState.cs:53-55), and the rule that the narrowest capability a whole flow is for is the one to name",capabilities.csv; about.csv,model drafting,"payment and fulfilment are stretches of the path, so they are stages, not capabilities. No person confirmed the names"
1,2,Find the flows,"the capability, then the code's entry points (checkout; the catalogue page and the assistant)",flows.csv,model drafting,"Placing an order first; Filling a basket, with the AI assistant, second"
1,3,Draft the stages,"Placing an order: reference models only (APQC PCF, SCOR; checkout, order, payment and warehouse practice), drafted without reading the code. Filling a basket: the code",stages.csv,model drafting,"for Filling a basket the stages are the code's own two, where reference practice divides the flow differently"
1,4,Write the steps as business outcomes,"each flow's drafted steps, reconciled against the code step by step (converges, diverges, absent)",steps.csv,model drafting,"8 of 30 steps nothing was found carrying: kept, drawn not assessed. No difference between the draft and the code has been settled by an accountable person"
1,5,List the parts,the fact extractor's deployables and the code read directly,subjects.csv,tool; model drafting,no owner or responder is stated anywhere in the sources
1,6,Record who carries each step,the code read file by file,participation.csv; subjects.csv (calls),model drafting,"every row cites its file and line; which way (the page or the assistant) each row of steps 21, 23 and 27 belongs to is read from its activity"
1,7,Describe the AI agent as its own system,"ChatState.cs, Chatbot.razor and the AppHost configuration read directly",agent-system.csv,model drafting,the policy-check part was looked for and not found: drawn not assessed
1,8,Propose the measures,the code's log lines (by grep) and the method's sets per kind,measures.csv,model drafting,"12 of 20 measures cite a log line the code already writes; 8 are proposed with nothing emitting them. M13's line is at Trace, below the configured level, so it is counted as emitted though nothing collects it by default"
1,9,Record what a failure costs,the code paths around each step,step-impact.csv; case-attributes.csv,model drafting,recovery is blank throughout: nothing in the sources shows it
