handle,subject_id,step,measure,render_kind,question_it_answers,exists,instrumented,alerted,driver,form,source,source_ref,counted_on,layer,counted_how,agent_question
M01,S01,,order to paid cycle time,duration,"Proposed. How long from Place order to Paid? The only log of a status change is at Trace level, below the configured Information, so nothing records it today.",no,,,service-level,cycle time,proposed,,cases,Business Health,by definition: one timing per order from Submitted to Paid; no source line emits it,
M02,S01,,checkout completion rate,rate,"Proposed. Of checkouts begun, how many reached an order? Nothing emits checkout begun: the page is a Blazor component with no log.",no,,,service-level,completion rate,proposed,,cases,Business Health,by definition: checkouts begun on /checkout against orders placed; no source line,
M03,R03,5,order create failures,count,"Proposed. How many create-order commands failed? The HTTP answer is 200 either way, so this warning is the only signal.",yes,,,operability,,declared,src/Ordering.API/Apis/OrdersApi.cs:163 LogWarning CreateOrderCommand failed,requests,Application,"one warning per failed POST /api/orders, OrdersApi.cs:157-166",
M04,S05,5,orders created,rate,Proposed. How many orders are being created?,yes,,,assurance,rate,declared,src/Ordering.API/Apis/OrdersApi.cs:159 LogInformation CreateOrderCommand succeeded,requests,Application,"one line per successful create; a repeated request id also logs success, IdentifiedCommandHandler.cs:41-48",
M05,S05,7,outbox publish failures,count,Proposed. Did an order event fail to leave the outbox? A failed row is never retried.,yes,,,risk-analysis,errors,declared,src/Ordering.API/Application/IntegrationEvents/OrderingIntegrationEventService.cs:29 LogError Error publishing integration event,events,Application,one error per outbox row that failed to publish; IntegrationEventLogService.cs:58 marks it PublishedFailed and nothing re-reads it,
M06,S06,8,grace-period poll failures,count,"Proposed. Is order-processor failing to read the orders past their grace period? If it is, every order stays Submitted.",yes,,,risk-analysis,errors,declared,src/OrderProcessor/Services/GracePeriodOrdersRepository.cs:43 LogError Error querying confirmed grace period orders,resources,Application,"one error per failed poll, every 30 s, OrderProcessor appsettings.json:16",
M07,S01,8,age of the oldest Submitted order,duration,Proposed. Is any order stuck before stock validation? Nothing emits it; it would be read from ordering.orders.,no,,,risk-analysis,backlog,proposed,,cases,Business Health,by definition: the oldest order still Submitted past the grace period; no source line,
M08,S04,9,stock result publish failures,count,Proposed. Did the catalogue fail to publish a stock decision? The order then waits in AwaitingValidation.,yes,,,risk-analysis,errors,declared,src/Catalog.API/IntegrationEvents/CatalogIntegrationEventService.cs:23 LogError Error Publishing integration event,events,Application,one error per stock result that failed to publish,
M09,S01,9,orders cancelled for stock,count,"Proposed. How many placed orders were cancelled because stock ran out? The cancel raises no event and logs nothing, so the customer and every log are silent.",no,,,service-level,failure rate,proposed,,cases,Business Impact,"by definition: orders moved AwaitingValidation to Cancelled, Order.cs:155-165; no source line emits it",
M10,S13,,event handler failures,count,"Proposed. Did a consumer fail to handle an order event? The message is acknowledged anyway, with no retry and no dead-letter queue, so the order stops where it is.",yes,,,risk-analysis,errors,declared,src/EventBusRabbitMQ/RabbitMQEventBus.cs:172 LogWarning Error Processing message,events,Application,"one warning per message whose handler threw, RabbitMQEventBus.cs:170-180",
M11,S07,11,payment results published,rate,"Proposed. How many payment results is the payment processor publishing? The line logs the event object, so succeeded and failed can be told apart only by its type.",yes,,,assurance,rate,declared,src/PaymentProcessor/IntegrationEvents/EventHandling/OrderStatusChangedToStockConfirmedIntegrationEventHandler.cs:30 LogInformation Publishing integration event,events,Application,one line per payment result,
M12,R15,12,webhook subscriptions per paid order,count,Proposed. How many subscribers is each paid order sent to? The line names the Shipped event though the Paid handler emits it.,yes,,,operability,,declared,src/Webhooks.API/IntegrationEvents/OrderStatusChangedToPaidIntegrationEventHandler.cs:12 LogInformation Received ... subscriptions,events,Application,one line per OrderStatusChangedToPaid received,
M13,S05,17,order status changes,state,"Proposed. What state is each order in? The only status log is at Trace level and the configured level is Information, so it emits nothing by default.",yes,,,operability,,declared,"src/Ordering.API/Extensions/OrderingApiTrace.cs:5 LoggerMessage OrderStatusUpdated, Level Trace",events,Application,"one line per status change, called from each status domain handler, for example OrderStatusChangedToPaidDomainEventHandler.cs:24",
M14,S03,23,basket save failures,count,"Proposed. How many basket saves did the store refuse? The refusal is logged at Information, not as an error, and the caller gets NotFound.",yes,,,risk-analysis,errors,declared,src/Basket.API/Repositories/RedisBasketRepository.cs:41 LogInformation Problem occurred persisting the item.,requests,Application,"one line per save the store refused, RedisBasketRepository.cs:37-43",
M15,R16,21,chat model call failures,count,Proposed. How often did the assistant fail to get an answer from the chat model? The customer sees a fixed apology.,yes,,,risk-analysis,,declared,src/WebApp/Components/Chatbot/ChatState.cs:88 LogError Error getting chat completions.,requests,System,"one error per assistant run whose model call threw, ChatState.cs:84-91",operations
M16,S16,23,assistant tool call failures,count,"Proposed, provisional. How many of the assistant's tool calls failed? The error text goes back to the model as the tool's answer, so the run does not fail.",yes,,,risk-analysis,errors,declared,src/WebApp/Components/Chatbot/ChatState.cs:173 LogError tool error message,requests,Agent Workflow,"one error per tool call that threw, ChatState.cs:169-177",operations
M17,S16,23,assistant adds the item asked for,rate,"Proposed, provisional. Correctness: of the items the assistant added, how many were what the customer asked for? Graded against a golden set or a judge; nothing records the request beside the add.",no,,,assurance,,proposed,,cases,Agent Workflow,by definition: one judgement per item the assistant added; no source line,correctness
M18,S15,28,baskets taken to checkout,rate,"Proposed. Of the baskets that held items, how many were taken to checkout? Nothing emits the hand-over.",no,,,service-level,completion rate,proposed,,cases,Business Health,by definition: baskets with items against checkouts begun; no source line,
M19,S15,26,baskets emptied before checkout,count,"Proposed. How many baskets that held items were empty when the customer came back, with no checkout and no removal? A restart of the basket store empties all of them and nothing records it.",no,,,risk-analysis,failure rate,proposed,,cases,Business Impact,by definition: baskets lost between visits; no source line,
M20,S04,21,searches answered without the embedding model,count,"Proposed. How many searches fell back to a name match because no embedding came back? The fallback logs nothing, so a worse answer looks like a normal one.",no,,,risk-analysis,,proposed,,requests,Application,"one per semantic search that took the fallback, CatalogApi.cs:290-300; no source line",
