hop_kind,mode,what_happens_to_the_case,how_it_is_usually_seen,practice
call,callee down,The caller gets no answer: connection refused or no instance to route to. The move fails back or is retried by the caller,caller errors naming the callee; callee instance count or health,"RED (Wilkie): errors; Four Golden Signals"
call,callee returns an error,The callee answers with a failure. The move fails back unless the caller retries,caller and callee errors for the operation,"RED: errors"
call,callee slow or hangs,The move waits on the callee. With no deadline the case waits as long as the caller does,caller duration; requests in flight; the callee's own duration,"RED: duration; Four Golden Signals: latency, saturation"
call,caller gives up mid-call,A deadline or a cancelled request ends the call. Work the callee already did may stand while the case is reported failed,caller cancellation or deadline errors; callee work with no matching caller success,"gRPC deadlines and cancellation; Nygard, Release It!: timeouts"
message,publish fails,The publisher cannot hand the message to the broker. The move does not start unless something re-sends,publisher errors at publish; the broker unreachable from the publisher,"Hohpe and Woolf, Enterprise Integration Patterns: Guaranteed Delivery"
message,message not routed,The broker accepts the message but no queue receives it (nothing bound). It is dropped,broker unroutable or returned-message counts; a consumer queue that receives nothing,Enterprise Integration Patterns: Dead Letter Channel
message,consumer not running,The message waits in the queue. The move happens when a consumer returns,queue depth growing; no consumer attached to the queue,"Enterprise Integration Patterns: Competing Consumers; USE: saturation"
message,consumer fails on the message,The consumer throws. The message is redelivered or discarded depending on how the consumer acknowledges,consumer error logs naming the message; redelivery or dead-letter counts,"Enterprise Integration Patterns: Dead Letter Channel; poison message"
message,consumer slow,Messages wait longer than the design assumes. The move happens late,queue depth and consumer lag growing while the consumer runs,"USE: saturation; consumer lag"
outbox,row left unpublished,The state change committed but its outbox row was never relayed (a crash or a lost connection between commit and publish). The move out never starts,outbox rows still in their initial state older than a relay cycle,"Richardson, Microservices Patterns: Transactional Outbox"
outbox,publish marked failed,The relay tried and recorded a failure. Whether it tries again depends on the relay,outbox rows in a failed state,"Transactional Outbox: message relay"
outbox,relay not running,Nothing reads the outbox. Every change waits,no outbox row published since a point in time; the relay process absent,"Transactional Outbox: message relay"
poll,poller not running,Nothing picks the cases up. Every case waits in the polled state,no poll activity; the poller process absent,"Scheduler and batch job monitoring: missed runs"
poll,poll query fails,The poller runs but cannot read the cases it should move,poller errors on its query,"RED: errors"
poll,poll selects the wrong cases,The poller runs and reads but its selection misses cases (a filter or clock value),cases older than the poll's own bound still in the polled state while the poller reports runs,"Scheduler monitoring: run with no effect"
timer,timer does not fire,The case waits past the time the design assumes,cases past the timer's bound still waiting,"Scheduler monitoring: missed runs"
timer,timer setting changed,The case waits a different time than before because the setting changed,configuration history; the wait distribution shifting at a change,"Change management: what changed first"
in-process,the act fails,The act throws inside the service. Its transaction rolls back and the case stays where it was,service error logs or spans for the operation,"RED: errors"
in-process,the act completes wrongly,The act completes and records a wrong outcome for the case,a check of the case's recorded values against the right outcome,"Business process performance: quality"
person,nobody acts,The case waits for a person or outside party who is not told or not assigned,cases waiting on the person past the time the business expects,"Workflow and case management: unassigned work"
person,the person acts wrongly,The person acts and the case records a wrong outcome,a check of the case's recorded values against the right outcome,"Business process performance: quality"
needs,unavailable,A store; broker or outside service the move needs does not answer. The move fails or waits,the part's own availability and error measures; callers' errors naming it,"USE (Gregg): errors; Four Golden Signals"
needs,slow,The part answers late. The move waits,the part's own latency and saturation,"USE: utilization, saturation"
needs,full or out of capacity,The part refuses work for lack of capacity (connections; disk; queue limit),the part's saturation and utilization,"USE: utilization, saturation"
